id,movie_name,ranking,release_year,release_time,type,format,country,director_id,director_name,star1_id,star1_name,star2_id,star2_name,boxoffice
595601,光棍终结者,120,2011,2011/11/11,爱情,2D,中国,1004,赵非 Fei Zhao,39265,段钧豪 Chun-hao Tuan,68,周韦彤 Weitong Zhou,120
596433,双人床条约,110,2011,2011/12/30,爱情/喜剧,2D,中国,3926,吴卫东 Weidong Wu,1859833,刘威葳 Vieven Liu,1866913,李 Yu Li,170
589320,跟踪孔令学,100,2011,2011/4/30,喜剧/悬疑,2D,中国,1866436,张骁 Rao Zhang,1871486,孙宁 Ning Sun,2177447,白卉子 Huizi Bai,271
588935,不怕贼惦记,90,2011,2011/12/9,喜剧/悬疑,2D,中国,2011580,许传海 HuChuanHai,1866692,岳秀清 Xiuqing Yue,13918,应采儿 Cherrie Ying,389
589061,我们约会吧,80,2011,2011/2/13,爱情,2D,中国,17083,周楠 Nan Zhou,1941433,丹尼斯・吴 Dennis Joseph O'neil,1903089,李菲儿 Feier Li,523
589639,李献计历险记,70,2011,2011/10/1,爱情/幻想/冒险,2D,中国,2013197,郭帆 Frant Gwo,38584,王子文 Fiona Wang,5340,姚橹 Lu Yao,830
588765,夜惊魂,69,2011,2011/4/2,惊悚/恐怖,2D,中国,1866688,许斌 Bin Xu,7414,林申 Shen Lin,1865989,曹卫宇 Weiyu Cao,839
593078,遍地狼烟,68,2011,2011/12/2,动作/爱情,2D,中国,4887,胡大为 David Wu,93,宋佳 Jia Song,323,梁家辉 Tony Leung,880
595222,梦游3D,67,2011,2011/10/27,惊悚/悬疑,2D/3D,中国/中国香港,16123,彭顺 Oxide Pang Chun,31479,霍思燕 Siyan Huo,1868257,李宗翰 Calvin Li,897
588610,回马枪,66,2011,2011/7/15,喜剧/动作/犯罪,2D,中国,6154,李远 Yuan Li,88,伊能静 Shizuka Inoh,2491,郑佩佩 Pei-pei Cheng,908
590026,巨额交易,65,2011,2011/12/2,爱情/喜剧/冒险,2D,中国,11085,马俪文 Liwen Ma,1865210,蓝正龙 Blue,3784,杜汶泽 Chapman To,918
594291,午夜凶梦,64,2011,2011/11/25,惊悚/恐怖,2D,中国,15841,叶伟英 Wai Ying Yip,117,关智斌 Kenny Kwan,1866107,周显欣 Xianxin Zhou,923
588854,致命请柬,63,2011,2011/3/4,惊悚/悬疑,2D,中国,1863178,孙小光 Xiaoguang Sun,1866893,胡桑 Sang Hu,2177594,焦婷 Ting Jiao,1032
593844,紫宅,62,2011,2011/9/23,爱情/惊悚,2D,中国,4812,潘恒生 Hang-Sang Poon,1903041,佟丽娅 Liya Tong,1903037,何晶晶 Jingjing He,1041
589663,大人物,61,2011,2011/3/11,喜剧,2D,中国,1866143,谭华 Hua Tan,6065,林子聪 Chi Chung Lam,1863727,金沙 King Sarr,1070
573365,歼十出击,79,2011,2011/3/10,动作,2D,中国,7539,宁海强 Haiqiang Ning,1166,黄奕 Yi Huang,1867474,王斑 Ban Wang,541
589540,与时尚同居,77,2011,2011/10/21,爱情/喜剧,2D,中国,3930,尹丽川 Lichuan Yin,14678,徐若u Vivian Hsu,16218,谭咏麟 Alan Tam,568
592214,钢的琴,76,2011,2011/7/15,喜剧,2D,中国,1866282,张猛 Meng Zhang,91,秦海璐 Hailu Qin,2022590,国永振 Yongzhen Guo,653
590292,天空的微笑,75,2011,2011/5/1,剧情/音乐,2D,中国,2247753,孔凡羽 Kong Fanyu,2247754,丁曼 Ding Man,2186262,李伟 Wei Li,677
588724,戒烟不戒酒,74,2011,2011/2/3,喜剧/都市,2D,中国,3165,朱时茂 Shimao Zhu,410,英达 Da Ying,6592,杨恭如 Kristy Yang,692
588502,一夜未了情,73,2011,2011/7/15,爱情,2D,中国,1794,江澄 Cheng Jiang,1862431,李小冉 Xiaoran Li,15820,周海媚 Kathy Chow,695
589875,男得有爱,72,2011,2011/6/17,爱情/喜剧,2D,中国,2022076,韩承桓 HanChengHuan,1865957,许薇 Wei Xu,2022987,潘霜霜 Shuangshuang Pan,710
589715,无极限之危情速递,71,2011,2011/8/12,爱情/动作/喜剧/冒险,2D,中国,27595,傅华阳 Huayang Fu,1903029,郑爽 Shuang Zheng,2022993,释延能 Yanneng Shi,758
591755,夏日乐悠悠,89,2011,2011/9/30,爱情,2D,中国/中国香港,8622,马楚成 Jingle Ma,32548,杨颖 Angela Baby,1865660,朱雨辰 Yuchen Zhu,436
591749,转山,88,2011,2011/11/3,剧情,2D,中国/中国台湾,13789,杜家毅 Du Jiayi,2177107,李晓川 Xiaochuan Li,2176105,李桃 Tao Li,439
592682,万有引力,87,2011,2011/4/8,爱情/喜剧,2D,中国/中国香港,11198,赵天宇 Tianyu Zhao,1212,张静初 Jingchu Zhang,7447,莫文蔚 Karen Mok,440
594369,像小强一样活着,86,2011,2011/7/29,喜剧,2D,中国,2022442,关尔 Er Guan,2019282,孟霞 Xia Meng,13917,那威 Wei Na,467
593204,情回鹭岛,85,2011,2011/8/5,剧情,2D,中国,1866559,张夷非 Yifei Zhang,2175764,刘剑 Jian Liu,2019597,曹志颖 Zhiying Cao,489
596123,追爱,84,2011,2011/12/9,爱情/喜剧,2D,中国/中国台湾,41807,刘怡明 Emily Liu,1370,佟大为 Dawei Tong,1866126,董璇 Xuan Dong,492
589829,魁拔,83,2011,2011/7/8,动画,2D,中国,1746107,王川 Chuan Wang,2177111,季冠霖 Guanlin Ji?(voice),2177305,敖磊 Lei Ao?(voice),499
589847,宅男总动员,81,2011,2011/4/1,喜剧/爱情,2D,中国,2226264,杨子 Larry Yang,1758,谭耀文 Patrick Tam,1862289,方力申 Alex Fong,511
591772,社区民警故事,99,2011,2011/1/10,剧情,2D,中国,1868291,张晓春 Xiaochun Zhang,2014703,杨地 Yang Di,2377,王蕙 Hui Wang,298
573415,蛋炒饭,97,2011,2011/7/28,喜剧,2D,中国,1867799,陈宇 Yu Chen,1862475,郭金 Sophia Guo,1868499,王小毅 Yi Wang,323
595220,嘿・店,95,2011,2011/10/21,喜剧/悬疑/惊悚,2D,中国,2022155,姬棹馨 Zhuo-xin Ji,15785,张达明 Tat-Ming Cheung,1866147,廖健 Jian Liao,333
588934,秋之白华,94,2011,2011/6/28,纪实/传记,2D,中国,2355,霍建起 Jianqi Huo,12010,董洁 Angel Dong,1865661,郭家铭 Jiaming Guo,337
588808,爱封了,93,2011,2011/10/13,爱情/喜剧,2D,中国/德国,2604,唐丹 Dan Tang,321971,弗洛里安.卢卡斯 Florian Lukas,4503,何冰 Bing He,353
593535,恋爱恐慌症,92,2011,2011/10/14,爱情/喜剧,2D,中国/中国台湾,2177247,龙毅 Rocky JO,31,陈柏霖 Berlin Chen,1877453,李易峰 Yifeng Li,378
587986,房不剩防,91,2011,2011/3/22,喜剧/爱情,2D,中国,2009904,孙达 Da Sun,1862006,李念 Nian Li,1865666,李菁 Jing Li,379
592163,老夫子之小水虎传奇,109,2011,2011/1/27,动画,2D,中国/中国香港,1944780,福富博 Hiroshi Fukutomi,6956,刘金山 Jinshan Liu?(voice),1903012,冯绍峰 Shaofeng Feng?(voice),180
592683,蔡李佛-极限拳速,108,2011,2011/4/2,动作,2D,中国/中国香港,2014698,黄明升 Huang Ming Shen,1903295,洪天照 Sammy Hung,1760,元华 Wah Yuen,184
588549,逄郊讶,106,2011,2011/4/7,惊悚/喜剧/恐怖,2D,中国,1865984,侯亮 Liang Hou,141,郭涛 Tao Guo,1758,谭耀文 Patrick Tam,211
573957,Hello！树先生！,105,2011,2011/11/4,喜剧/幻想,2D,中国,6242,韩杰 Jie Han,1867035,何洁 Jie He,1948769,谭卓 Zhuo Tan,222
591766,敏感事件,104,2011,2011/6/6,惊悚/悬疑,2D,中国,497844,吉尔・考夫曼 Gil Kofman,5988,安以轩 Ady Ang,5340,姚橹 Lu Yao,231
594006,西柏坡,103,2011,2011/5/26,动画,2D,中国,1866604,黄山 Shan Huang,2177498,王逸宸 Yi-chen Wang?(voice),1860177,巩汉林 Hanlin Gong?(voice),243
590231,2012来了,102,2011,2011/12/31,喜剧,2D,中国,2014535,邢潇 GengXiao,1865898,黄小蕾 Xiaolei Huang,15777,黄又南 You-Nam Wong,244
592765,我的少女时代,101,2011,2011/1/1,纪实/传记,,中国,1866471,冯振志 Zhenzhi Feng,1868499,王小毅 Yi Wang,1948467,史磊 Lei Shi,256
595855,少年岳飞传奇,119,2011,2011/9/29,动画,2D,中国,1752711,蔡明钦 Min-chin Tsai,1862313,童自荣 Tong Zirong?(voice),1866107,周显欣 Xianxin Zhou?(voice),134
588492,芳香之城传奇,118,2011,2011/2/22,爱情/魔幻,2D,中国,2010425,陈明新 Mingxin Chen,1870940,扎西顿珠 Dunzhu Zhaxi,15785,张达明 Tat-Ming Cheung,135
589822,湘江北去,117,2011,2011/6/10,战争/历史,2D/IMAX,中国,14671,陈力 Li Chen,1866121,保剑锋 Jianfeng Bao,1903488,钱枫 Feng Qian,137
593811,夏日恋神马,116,2011,2011/11/4,爱情/喜剧,2D,中国/中国香港,2022059,钱国伟 JianGuoWei,1903837,张馨予 Viann Zhang,1862274,江若琳 Elanne kwong,138
593618,藏獒多吉,115,2011,2011/7/15,动画,2D,中国/日本,1945062,小岛正幸 Masayuki Kojima,2177295,阿兰 Lan A?(voice),2177296,芒莱 Lai Mang?(voice),149
589938,惊沙,114,2011,2011/3/12,战争,2D,中国,2475,安战军 Zhanjun An,1865815,国歌 Ge Guo,1867559,郭东文 Dongwen Guo,151
588861,岁岁清明,113,2011,2011/6/3,剧情,2D,中国,729,肖风 Feng Xiao,2177494,盛翔 Sheng Xiang,1876190,张雯 Wen Zhang,156
594008,赛车传奇,112,2011,2011/12/2,爱情/动作,2D,中国/中国香港,2023889,罗义民 Norman Luo,1904845,信 Shin,40342,张钧甯 Chun-Ning Chang,162
593882,幸福卡片,111,2011,2011/9/2,剧情,2D,中国/澳大利亚,658583,陈宝玲 Pauline Chan,3921,朱琳 Lin Zhu,133626,克劳迪娅.卡梵 Claudia Karvan,166
594375,英雄喋血,123,2011,2011/9/16,战争/历史,2D,中国,16331,赵崇基 Sung Kee Chiu,2578,谢君豪 Kwan-Ho Tse,6987,温碧霞 Irene Wan,105
593903,无底洞,122,2011,2011/9/15,喜剧/悬疑,2D,中国,966,江涛 Tao Jiang,102,瞿颖 Ying Qu,459,叶青 Qing Ye,116
594456,新月魅影,121,2011,2011/12/20,惊悚/恐怖/悬疑,2D,中国,1862706,黄柏基 Wong Pak-kei,1903324,张佳楠 Jianan Zhang,2024116,黄俊淇 Jun-qi Huang,118
628739,黄金福将,214,2015,2015/1/23,喜剧/爱情,2D,中国,1102,王伟 Wei Wang,2174717,胡夏 Xia Hu,1861191,张一山 Yishan Zhang,125
631360,枪过境,210,2015,2015/4/16,动作/剧情/犯罪/悬疑,2D,中国,2198041,梁杰 Jie Liang,1862289,方力申 Alex Fong,7232,王双宝 Shuangbao Wang,137
639363,邓小平登黄山,200,2015,2015/2/6,纪实/传记,2D,中国,97,陈国星 Guoxing Chen,1903071,于越 Yue Yu,1870444,魏积安 Jian Wei,172
639010,西游新传2：真心话大冒险,190,2015,2015/7/3,动画/儿童/冒险/喜剧,2D,中国,2227392,刘畅 Chuang Liu,2228120,林强 Qiang Lin?(voice),2227394,黎筱 Youmeng Li?(voice),246
626279,特功明星,180,2015,2015/4/10,动画/喜剧/冒险/动作,2D,中国,2193806,徐克 Xu Ke,2220407,曹真 Zhen Cao?(voice),2181012,张安琪 An Qi Zhang?(voice),305
608188,极地大反攻,170,2015,2015/10/1,动画/喜剧/冒险,2D,中国,2228476,乔方 Fang Qiao,2227591,李晔 Ye Li?(voice),2183127,严丽祯 Li Zhen Yan?(voice),399
642050,老人，孩子和外国人,160,2015,2015/1/23,剧情,2D,中国,2178128,文谦 Qian Wen,2241911,黄婧纯 Huang Qianchun,2241912,崔宏利 Cui Hongli,500
638432,再见我们的十年,150,2015,2015/6/12,爱情/喜剧,2D,中国,1867599,孙浩 Hao Sun,1865688,刘芸 Yun Liu,2023112,隋凯 Michael Stephen Kai,535
630772,大喜临门,140,2015,2015/3/5,喜剧,2D,中国/中国台湾,2176192,黄朝亮 ChaoLiang Huang,14318,林心如 Ruby Lin,2019309,猪哥亮 Xinda Xie,777
628715,爱我就陪我看电影,130,2015,2015/4/30,喜剧/爱情,2D,中国,1903857,牛朝阳 Chaoyang Niu,2414,余男 Nan Yu,2187396,金 Bum Kim,907
640871,喜马拉雅天梯,120,2015,2015/10/16,剧情/纪录片,2D,中国,2235140,梁君健 Jun-jian Liang,2235143,普布顿珠 Pu Budunzhu,2235144,次仁多布杰 Ci Renduobujie,1154
631302,吉星高照2015,110,2015,2015/3/1,喜剧,2D,中国/中国香港,18660,晴朗 Long Ching,22720,王祖蓝 Cho-lam Wong,1904895,陈嘉桦 Ella,1530
629338,重生爱人,100,2015,2015/5/15,爱情/青春,2D,中国,1947988,曹大伟 CaoDaWei,2187396,金 Bum Kim,1903548,郑元畅 Joe Zheng,1989
630478,谍・莲花,99,2015,2015/1/16,战争/悬疑,2D,中国,2213642,青阳 Yang Qing,1903063,潘阳 Sonya Pan,2180746,高丽雯 Liwen Gao,2071
629956,功夫,90,2015,2015/1/15,动作/喜剧/犯罪,3D,中国/中国香港,6060,周星驰 Stephen Chow,1760,元华 Wah Yuen,6066,梁小龙 Hsiao Liang,2560
630911,将错就错,80,2015,2015/3/5,喜剧,2D,中国,1868018,王宁 Ning Wang,1903010,小沈阳 Yang Shen,1909,陈小春 Jordan Chan,3936
630468,太平轮：彼岸,70,2015,2015/7/30,爱情/战争,2D/3D,中国/中国香港,1361,吴宇森 John Woo,1367,金城武 Takeshi Kaneshiro,152351,宋慧乔 SongHyeKyo,5104
629580,恋爱中的城市,69,2015,2015/8/19,爱情/浪漫,2D,中国,2226550,文牧野 Muye Wen,2212693,郑开元 Kai Yuan Zheng,2185060,江疏影 Shu-ying Jiang,5365
628326,师父,68,2015,2015/12/10,动作/武侠,2D,中国,2010102,徐浩峰 Haofeng Xu,93,宋佳 Jia Song,420,蒋雯丽 Wenli Jiang,5479
630582,从天“儿”降,67,2015,2015/12/4,喜剧/爱情/科幻,2D,中国,2179193,魏民 Ming Wei,2219295,张艺兴 Lay,36,李小璐 Xiaolu Li,5655
630555,赛尔号5：雷神崛起,66,2015,2015/7/23,动画/儿童/冒险,3D,中国,2178983,王章俊 Zhang Jun Wang,2177845,翟巍 Wei Zhai?(voice),2185228,吴磊 Lei Wu?(voice),5661
7954,刺客聂隐娘,65,2015,2015/8/27,动作/武侠/古装,2D,中国/中国台湾,1959,侯孝贤 Hsiao-hsien Hou,5661,舒淇 Hsu Chi,11494,周韵 Yun Zhou,6140
618352,剩者为王,64,2015,2015/11/6,爱情/喜剧/都市,2D,中国/中国香港,2233561,落落 Luo luo,8663,彭于晏 Eddie Peng,2647,潘虹 Hong Pan,6149
629335,陪安东尼度过漫长岁月,63,2015,2015/11/13,爱情,2D,中国,10119,秦小珍 Janet Chun,1903494,白百何 Fay Bai,2022621,金世佳 Shijia Jin,6265
629493,一代宗师3D,62,2015,2015/1/8,动作/传记,3D/IMAX,中国/中国香港,316,王家卫 Kar Wai Wong,7887,章子怡 Ziyi Zhang,1365,张震 Zhen Zhang,6290
618612,我是路人甲,61,2015,2015/7/2,喜剧/爱情/青春/励志,2D,中国/中国香港,4698,尔冬升 Tung-Shing Yee,2228151,王婷 Ting Wang,2228153,沈凯 Kai Shen,6319
628144,宅女侦探桂香,79,2015,2015/8/13,爱情/悬疑,2D,中国,16123,彭顺 Oxide Pang Chun,1860170,周渝民 Vic Chou,2175,任达华 Simon Yam,4137
630111,十月初五的月光,78,2015,2015/11/20,爱情,2D,中国/中国香港,19330,叶念琛 Patrick Kong,19000,佘诗曼 Charmaine Sheh,8677,薛家燕 Nancy Sit,4262
613404,暴疯语,77,2015,2015/4/3,惊悚/悬疑,2D,中国/中国香港,1862277,李光耀 Guangyao Li,6904,黄晓明 Xiaoming Huang,22896,薛凯琪 Fiona Sit,4489
630935,坏蛋必须死,75,2015,2015/11/27,喜剧/动作/悬疑/犯罪,2D/3D,中国/中国香港,2216445,孙皓 Hao Sun,1941377,孙艺珍 Ye-jin Son,1862612,乔振宇 Zhenyu Qiao,4699
615796,华丽上班族,74,2015,2015/9/2,喜剧/爱情,2D/3D,中国/中国香港,2074,杜琪峰 Johnny To,10220,汤唯 Wei Tang,2181795,郎月婷 Yue-ting Lang,4748
638989,杜拉拉追婚记,73,2015,2015/12/4,爱情/喜剧,2D,中国,2227183,安竹间 Zhujian An,5987,林依晨 Ariel Lin,31,陈柏霖 Berlin Chen,4968
628823,既然青春留不住,72,2015,2015/10/23,爱情/喜剧,2D,中国,13873,田蒙 Meng Tian,1904812,陈乔恩 Joe Chan,1866640,王啸坤 Xiaokun Wang,5019
627027,少年班,71,2015,2015/6/19,喜剧/青春,2D,中国,2174795,肖洋 Yang Xiao,2013052,周冬雨 Dongyu Zhou,2185005,董子健 ZiJian Dong,5068
615868,封门诡影,89,2015,2015/3/13,惊悚,2D,中国,2182542,王孟圆 Meng Yuan Wang,1866849,刘滢 Ying Liu,1863939,葛天 Got Tin,2574
630484,兔侠之青黎传说,87,2015,2015/2/21,动画/冒险,2D/3D,中国,1867912,孙立军 Lijun Sun,1877772,杨子姗 Zishan Yang?(voice),1903156,王劲松 Chin-sung Wang?(voice),2973
628375,土豪520,86,2015,2015/5/21,爱情/喜剧,2D,中国,273,林爱华 Oi Wah Lam,1865934,姚星彤 Anna Yao,1877540,马天宇 Tianyu Ma,3014
628171,新步步惊心,85,2015,2015/8/7,爱情,2D,中国,1867689,宋迪 Di Song,2013051,窦骁 Shawn Dou,12022,杨v宁 Tony Yang,3221
627766,山河故人,84,2015,2015/10/30,剧情,2D,中国/法国/日本,1891,贾樟柯 Zhangke Jia,4745,张艾嘉 Sylvia Chang,165,张译 Yi Zhang,3222
638443,潜艇总动员之时光宝盒,83,2015,2015/5/29,动画/冒险,2D/3D,中国,2183123,何子力 Zili He,2024352,洪海天 Hai-tian Hong?(voice),1903899,谢元真 Yuanzhen Xie?(voice),3387
630506,神探驾到,82,2015,2015/2/6,喜剧/爱情/悬疑,2D,中国/中国香港,553,黄百鸣 Bak-Ming Wong,1888479,张翰 Han Zhang,2577,曾志伟 Eric Tsang,3739
638879,巴啦啦小魔仙之魔箭公主,81,2015,2015/10/1,魔幻/儿童/冒险,2D,中国,1863480,陈诚 Cheng Chen,2234555,戴萌 Meng Dai,2234552,赵今麦 Jin Mai Jaho,3828
639128,龙在哪里?,98,2015,2015/10/23,动画,3D,中国/中国香港,40658,胡忠 Sing Choong Foo,10221,王力宏 LeeHom Wang?(voice),1860078,光良 Michael Wong?(voice),2078
617807,冲锋车,97,2015,2015/4/3,动作/犯罪,2D,中国/中国香港,9950,刘浩良 Ho Leung Lau,2175,任达华 Simon Yam,129,古巨基 Leo Ku,2092
638434,张震讲故事之鬼迷心窍,96,2015,2015/7/2,惊悚/悬疑,2D,中国,2022532,徐正超 ZhengChao Xu,1867273,张俪 Li Zhang,2184818,李心艾 Hsin Ai Lee,2093
627447,可爱的你,94,2015,2015/3/20,爱情,2D,中国/中国香港,19657,关信辉 Adrian Kwan,954,古天乐 Louis Koo,2219649,何痄 Wanying He,2221
630556,三只小猪与神灯,93,2015,2015/6/27,动画/励志/儿童/喜剧,2D,中国,2211989,刘炜 Wei Liu,2227591,李晔 Ye Li?(voice),2226401,王燕华 Yanhua Wang?(voice),2382
614395,白幽灵传奇之绝命逃亡,92,2015,2015/4/3,动作/战争,3D/IMAX,中国/美国/法国,1910190,尼克・鲍威尔 Nick Powell,16768,尼古拉斯・凯奇 Nicolas Cage,3449,刘亦菲 Yifei Liu,2433
618610,暴走神探,91,2015,2015/1/16,喜剧/动作/爱情/悬疑/犯罪,2D,中国,16482,罗卓瑶 Clara Law,2013052,周冬雨 Dongyu Zhou,1877772,杨子姗 Zishan Yang,2456
626126,我是女王,109,2015,2015/4/15,爱情,2D,中国,88,伊能静 Shizuka Inoh,2013051,窦骁 Shawn Dou,1904812,陈乔恩 Joe Chan,1554
628129,通灵之六世古宅,106,2015,2015/7/24,惊悚/恐怖,3D,中国,16120,彭发 Danny Pang,958,张兆辉 Siu-Fai Cheung,1903052,田子田 Tianzi Tian,1654
627626,旋风九日,105,2015,2015/5/15,纪实/纪录片/历史,2D,中国,1868901,傅红星 Hongxing Fu,69242,亨利・基辛格 Henry Kissinger,231199,吉米・卡特 Jimmy Carter,1686
638406,美人鱼之海盗来袭,104,2015,2015/7/31,动画/冒险/喜剧,2D,中国,2205042,邱浩强 Adam Qiu,2183917,郭亚维 Ya Wei Guo?(voice),2226524,宋磊 Lei Song?(voice),1731
616380,北京・纽约,102,2015,2015/3/6,爱情,2D,中国,2183427,李晓雨 Rain Li,953,刘烨 Ye Liu,335543,理查・德克勒克 Richard de Klerk,1905
627038,一个勺子,101,2015,2015/11/20,喜剧/冒险,2D,中国,2233,陈建斌 Jianbin Chen,3932,王学兵 Xuebing Wang,2022621,金世佳 Shijia Jin,1907
627833,别有动机,119,2015,2015/9/17,动作/犯罪/悬疑,2D,中国,7928,黄岳泰 Arthur Wong,8071,林家栋 Ka Tung Lam,2183358,高圣远 Archie David Kao,1189
639859,战火中的芭蕾,118,2015,2015/8/21,战争,2D,中国/俄罗斯,1866434,董亚春 Yachun Dong,2232048,卡列斯科夫・伊戈尔 Egor Koreshkov,195404,娜塔丽亚・苏尔科娃 Natalya Surkova,1210
617154,三城记,117,2015,2015/8/27,爱情,2D,中国/中国香港,11313,张婉婷 Mabel Cheung,10220,汤唯 Wei Tang,91,秦海璐 Hailu Qin,1224
629498,七月半之恐怖宿舍,116,2015,2015/8/14,惊悚/恐怖,3D,中国,2226266,杜潇傲 Xiaoao Du,2226267,翟子陌 Zimo Zhai,2022790,马元 Yuan Ma,1228
625944,我的青春期,115,2015,2015/11/11,爱情/喜剧,2D,中国,2180546,郝杰 Jie Hao,2235068,孙怡 Yi Sun,2187522,冯四 Si Feng,1230
641972,分手再说我爱你,114,2015,2015/12/24,爱情,2D,中国/中国香港,19330,叶念琛 Patrick Kong,3783,邓丽欣 Stephy Tang,4585,李丽珍 Loletta Lee,1273
638757,落跑吧，爱情,113,2015,2015/9/4,爱情/喜剧,2D,中国/中国香港/中国台湾,2169,任贤齐 Richie Ren,5661,舒淇 Hsu Chi,5665,狄龙 Tommy Tam,1305
631359,年少轻狂,112,2015,2015/11/13,爱情/青春/喜剧,2D,中国,2212542,戴睿 Dai Rui,2180913,唐艺昕 Tina Tang,2185167,郑恺 Kai Zheng,1309
627008,十二公民,111,2015,2015/5/15,剧情/犯罪,2D,中国,1903765,徐昂 Ang Xu,7430,韩童生 Tongsheng Han,2214248,钱波 Qian Po,1397
617612,闯入者,128,2015,2015/4/30,剧情/犯罪,2D,中国,872,王小帅 Xiaoshuai Wang,91,秦海璐 Hailu Qin,7397,冯远征 Yuanzheng Feng,1004
628411,咕噜咕噜美人鱼,127,2015,2015/12/12,动画/喜剧/冒险,2D,中国,2193675,杨广福 Guang Fu Yang,2245020,赵梦娇 Zhao Mengjiao?(voice),2235452,陈大刚 Chen Dagang?(voice),1023
629560,情敌蜜月,126,2015,2015/9/2,爱情/喜剧,2D,中国,2185673,张林子 Linzi Zhang,1861019,权相宇 Sang-woo Kwon,14869,霍建华 Wallace Huo,1035
628133,魔镜,125,2015,2015/9/25,惊悚/恐怖,3D,中国/韩国/泰国,16120,彭发 Danny Pang,2176036,周泓 Hong Zhou,2177226,金恩圣 Tanas,1039
639889,笔仙魔咒,124,2015,2015/10/16,惊悚/恐怖,2D,中国,2022442,关尔 Er Guan,2183231,陈炳强 Bing Qiang Chen,2233016,杨曼玉 Yang Manyu,1046
630504,心迷宫,122,2015,2015/10/16,剧情/犯罪/悬疑,2D,中国,2213788,忻钰坤 Yukun Xin,2213791,王笑天 Xiaotian Wang,2213793,孙黎 Li Sun,1067
638409,白雪公主之神秘爸爸,121,2015,2015/8/14,动画/家庭/冒险/喜剧,2D,中国,1869169,赵奔 Ben Zhao,2232558,曹旭鹏 Cao Xupeng?(voice),2232559,马斑马 Ma Banma?(voice),1114
631690,浪漫天降,139,2015,2015/10/23,爱情/喜剧,2D,中国,6424,宁瀛 Ying Ning,7443,关晓彤 Traey Miley,1860268,邱泽 Ze Qiu,784
616185,三更车库,138,2015,2015/4/3,惊悚/恐怖,2D,中国,1865879,周耀武 Yaowu Zhou,686954,尹素怡 So-yi Yoon,8071,林家栋 Ka Tung Lam,792
638747,奥拉星：进击圣殿,136,2015,2015/7/23,动画/儿童/冒险,2D/3D,中国,6116,钟智行 Frankie Chung,2230282,张琦 Qi Zhang?(voice),2181013,李正翔 Zheng Xiang Li?(voice),848
637829,诱狼,135,2015,2015/8/25,战争/历史/动作,2D,中国,1866658,安澜 An Lan,1366,侯勇 Hou Yong,1867250,陆彭 Peng Lu,848
631109,半夜叫你别回头,134,2015,2015/10/30,惊悚/恐怖,2D,中国,1867483,陆诗雨 Shiyu Lu,2217367,郭云奇 Yunqi Guo,2181278,倪慕斯 Muse Nee,853
611503,夺命旅行,133,2015,2015/5/15,惊悚,2D,中国,1862484,邓衍成 Billy Tang,2022763,曾泳醍 Yongti Zeng,2223786,韩宝凛 Han Baoling,853
627562,惊魂电影院,132,2015,2015/6/19,惊悚/恐怖,2D,中国,1868608,王鸣 Ming Wang,2224976,姚一奇 Yiqi Yao,2224975,蒋中炜 Zhongwei Jiang,870
618156,摩尔庄园3：魔幻列车大冒险,131,2015,2015/2/5,动画/家庭/冒险,2D,中国,2198043,李婷婷 Tingting Li,2177849,夏磊 Lei Xia?(voice),2177843,谢添天 Tian-tian Xie?(voice),894
638445,金箍棒传奇2,149,2015,2015/5/29,动画/喜剧/冒险,2D,中国,1862321,哈磊 Lei Ha,2180648,吴天昊 Tian Hao Wu?(voice),2225364,榕榕 Rong Rong?(voice),551
638389,我是谁2015,148,2015,2015/6/12,动作/喜剧,2D,中国,2179577,宋胤熹 Martion,1865934,姚星彤 Anna Yao,2009970,张蓝心 Lan-xin Zhang,551
630094,擦枪走火,147,2015,2015/12/11,喜剧,2D,中国,13814,周伟 Wei Zhou,1865842,倪虹洁 Hongjie Ni,3472,李锐 Rui Li,552
638277,一路向前,146,2015,2015/8/6,爱情/喜剧,2D,中国,1865984,侯亮 Liang Hou,1865934,姚星彤 Anna Yao,1868909,常远 Yuan Chang,571
639002,汽车人总动员,145,2015,2015/7/4,动画/喜剧/冒险/科幻/励志,2D,中国,2201906,卓建荣 Jianrong Zhuo,2228135,袁文革 Wenge Yuan?(voice),2228136,胡达威 Dawei Hu?(voice),584
596436,放飞理想,144,2015,2015/9/9,喜剧/励志,2D,中国,1863213,高翊浚 Yik Chun Go,1862461,赵文琪 Wenqi Zhao,2022655,何建泽 HeJianZe,611
632370,猛龙特,143,2015,2015/10/23,喜剧/动作,2D,中国/中国香港,24473,胡耀辉 Mark Wu,2231596,雨侨 Yu Kiu,10216,杨建平 Jianping Yang,635
630521,怪谈,141,2015,2015/1/23,惊悚,2D,中国/中国香港,6214,叶伟民 Wai Man Yip,31900,文咏珊 Janice Man,1864978,朱珠 Zhu Zhu,758
639837,民工・老大・老板,159,2015,2015/7/23,剧情/农村,2D,中国,1870104,潘培成 Peicheng Pan,2233655,殷昊泽 Hao-ze Yin,1863271,刘伟 Wei Liu,500
640883,男左女右,157,2015,2015/9/22,剧情,2D,中国,2235958,朱嘉欣 Zhu Jiaxin,23547,陈炜 Alice Chan,2175697,齐连春 Lianchun  Qi,501
588292,遥远的拥抱,154,2015,2015/9/25,剧情,2D,中国,1866365,武洪武 Hongwu Wu,10900,王九胜 Jiusheng Wang,1866372,王虎城 Hucheng Wang,507
637666,异种,153,2015,2015/6/5,惊悚/恐怖/悬疑,2D,中国,1866644,过华 Hua Guo,1867979,周浩东 Haodong Zhou,2224717,吴妍妍 Yanyan Wu,509
612022,星语心愿之再爱,152,2015,2015/9/11,爱情,2D,中国,2023238,邓科 DengKe,623284,董维嘉 Vicki Dong,2014616,陈亦飞 ChenYiFei,521
641422,圣诞大赢家,151,2015,2015/12/12,动画/喜剧,2D/3D,中国,2238760,毛呆 Mao Dai,2238757,藤新 Xin Teng?(voice),2238758,小连杀 Xiao Liansha?(voice),534
638658,人皮拼图,167,2015,2015/9/18,惊悚/恐怖/悬疑,2D,中国,17156,刘观伟 Ricky Lau,1866145,熊乃瑾 Naijin Xiong,2226440,刘言语 Yanyu Liu,406
630112,枕边诡影,166,2015,2015/9/3,惊悚/爱情,2D,中国,2009732,郑来志 ZhengLaiZhi,6572,王雅捷 Yajie Wang,7936,连凯 Andrew Lien,407
639428,天眼传奇,165,2015,2015/10/1,动画/冒险,2D,中国,1863901,蔡志忠 Zhizhong Cai,2235443,苏俣 Su Yu?(voice),2235444,刘浏 Liu Liu?(voice),411
629797,恐怖游泳馆,164,2015,2015/7/31,惊悚/恐怖,2D,中国,2174551,袁杰 Jie Yuan,2224676,丁汇宇 Huiyu Ding,2224677,杜菁 Jing Du,424
638997,小猪班纳大电影之梦想大“帽”险,163,2015,2015/6/27,动画/冒险,2D,中国,1875811,张明 Ming Zhang,2228196,胡谦 Qian Hu?(voice),2202726,符冲 Chong Fu?(voice),449
617391,藏羚王之雪域精灵,162,2015,2015/11/20,动画/冒险/喜剧,2D,中国,2185627,刘宇军 Yujun Liu,1866430,李扬 Yang Li?(voice),2224968,王雪纯 Xuechun Wang?(voice),477
630519,宝贝，对不起,161,2015,2015/1/31,剧情/记录/冒险,2D,中国,2214033,潘礼平 Li Ping Pan,1865525,马景涛 Steve Ma,144,邵兵 Bing Shao,498
627764,我只要我们在一起,179,2015,2015/2/13,爱情,2D,中国,1877754,晏菲 YanFei,1860264,迟帅 Shuai Chi,16308,唐文龙 Michael Tong,308
617756,无敌小飞猪,178,2015,2015/4/3,喜剧/儿童/魔幻,2D,中国,2174723,宋占涛 Zhan Tao Song,2175479,张植绿 Zhilv Zhang,13390,徐少强 Norman Chu,308
639642,双生灵,177,2015,2015/8/21,惊悚/悬疑,2D,中国,2231216,秦臻 Zhen Qin,2231213,常奕然 Chang Yiran,1867683,刘佳佳 Jiajia Liu,311
639397,轩辕剑传奇,176,2015,2015/8/7,魔幻/武侠/古装/动作,3D,中国,2178537,李智 Zhi Li,2179365,蓝盈莹 Ying-ying Lan,2177326,顾又铭 Youming Gu,316
630044,我爸比我小四岁,175,2015,2015/8/7,喜剧/儿童/家庭,2D,中国,2189320,陈晓曦 Xiaoxi Chen,2022764,刘宸希 Claire,2231460,任铭松 Ren Mingsong,332
631060,探灵档案,174,2015,2015/10/23,惊悚/悬疑,2D,中国,16120,彭发 Danny Pang,1948540,吴昕 Xin Wu,3193,潘粤明 Yueming Pan,334
639413,诡影迷情,172,2015,2015/11/27,惊悚/恐怖/灵异,2D,中国,2180912,项海明 Haiming Xiang,210,孙菲菲 Feifei Sun,1866771,商蓉 Rong Shang,341
639124,红髅,171,2015,2015/8/6,惊悚/恐怖,2D,中国,2232069,李明 Li Ming,2227434,梅俪儿 Lier Mei,1851,李子雄 Waise Lee,341
629068,雨夜惊魂,189,2015,2015/11/6,惊悚/恐怖,2D,中国,2234074,刘天荣 Tian-rong Liu,2188844,王李丹妮 Wang Li Dan Ni,2181036,董玉峰 Dear,246
638426,墓穴迷城,188,2015,2015/9/18,惊悚,2D,中国,1865827,宁敬武 Ning Jingwu,2578,谢君豪 Kwan-Ho Tse,42276,张睿家 Bryant Chang,249
619126,索命暹罗之按摩师,187,2015,2015/12/31,惊悚/悬疑/恐怖,2D,中国/泰国,1729314,塔韦华・温泰 Taweewat Wantha,14010,高捷 Jack Kao,2228126,袁百梓卉 Baizihui Yuan,249
640214,诡劫,186,2015,2015/8/28,惊悚/悬疑/爱情,2D,中国,1903833,杨竞泽 Jingze Yang,1866900,立威廉 Leon Jay Williams,1864978,朱珠 Zhu Zhu,259
594589,兔子镇的火狐狸,185,2015,2015/10/30,动画/喜剧/冒险,2D/3D,中国,2194170,葛水英 Ge Shuiying,2194167,喻舟 Zhou Yu?(voice),2177113,宣晓鸣 Xiaoming Xuan?(voice),265
627601,对风说爱你,184,2015,2015/6/26,爱情,2D,中国/中国台湾,39707,王童 Tong Wang,1878021,郭采洁 Amber Kuo,12022,杨v宁 Tony Yang,278
631292,魔卡行动,183,2015,2015/10/16,动作/喜剧,2D,中国,1226,姜国民 Kwok Man Keung,1903837,张馨予 Viann Zhang,2175,任达华 Simon Yam,283
638253,诡娃娃,182,2015,2015/12/18,惊悚/恐怖,2D,中国,2229244,刘崇崇 Liu Chongchong,2202698,张旭 Xu Zhang,2201699,杨D Yang Yang,286
627543,狂野飞车,181,2015,2015/8/14,动作/爱情/冒险,2D,中国/美国,1873060,袁野 Ye Yang,2228207,米歇尔・法布里斯 Michelle Fabrice,2228208,吉拉德卡・伊莉娜 Irina,305
628127,热血男人帮,198,2015,2015/1/29,喜剧,2D,中国,2201704,四酱 Muchun Cha,2315,黄秋生 Anthony Wong,410,英达 Da Ying,178
641095,我的处女地,197,2015,2015/11/3,剧情,2D,中国,2009707,周军 Jun Zhou,1860601,吕晶 Jing Lv,2236477,张永庆 Zhang Yongqing,180
615111,摇滚英雄,196,2015,2015/6/20,爱情/青春/音乐,2D,中国,1866143,谭华 Hua Tan,2012929,李梦 Vivien Li,11056,刘雅瑟 Yase Liu,181
629461,搏击迷城,195,2015,2015/6/5,爱情/动作,3D,中国/中国香港,16907,陈丽英 Casey Chan,6702,赵柯 Ke Zhao,1903089,李菲儿 Feier Li,186
625912,菜鸟,194,2015,2015/3/27,喜剧/爱情,2D,中国,2219387,项华祥 Huangxiang Xiang,2180164,崔允素 Yun-su Choi,2219382,张艾青 Aiqing Zhang,192
638985,没女神探,193,2015,2015/12/15,爱情/喜剧,2D,中国/中国香港,19048,黄柏基 Jill Wong,1862291,周柏豪 Pakho,2240924,杨梓邑 Yang Ziyi,201
638614,亲，别怕鬼宅凶灵,192,2015,2015/7/10,惊悚/恐怖/悬疑,3D,中国,2226032,余丹戈 Dange Yu,2226034,任鹏 Peng Ren,2023992,王千航 QianHang Wang,226
629427,死亡之谜之双鱼玉佩,191,2015,2015/2/6,动作/惊悚/悬疑,2D,中国,2199547,黄正杰 Zhengjie Huang,1868160,黄征 Zheng Huang,2024293,余思潞 Si-lu Yu,244
627094,大宅男,209,2015,2015/6/26,喜剧/爱情,2D,中国/中国香港/中国台湾,4259,朱延平 Yen-ping Chu,2185060,江疏影 Shu-ying Jiang,2181152,董成鹏 Chengpeng Dong,147
631787,陌路惊笑,206,2015,2015/4/17,惊悚,2D,中国,2205030,三木单丹 Samm Chan,16308,唐文龙 Michael Tong,2207904,何昊阳 Haoyang He,157
630553,超能兔战队,205,2015,2015/5/30,动画/喜剧,2D,中国,1867931,傅燕 Yan Fu,2226521,李旭乔 Xuqiao Li?(voice),2226522,白文显 Wenxian Bai?(voice),158
612790,王子与108煞,204,2015,2015/8/21,动画/动作/冒险,3D,中国/法国/比利时/卢森堡,2231576,帕斯卡・莫莱利 Pascal Morelli,2231552,伯特兰・纳德勒 Bertrand Nadler?(voice),2231553,让・伊夫・沙特莱 Jean-Yves Chatelais?(voice),159
616527,悬战,203,2015,2015/5/8,动作/悬疑/犯罪,2D,中国,2011703,李凯 Kai Li,7936,连凯 Andrew Lien,2224969,林津锋 Jinfeng Lin,162
639634,犹太女孩在上海2：项链密码,202,2015,2015/8/28,动画/冒险,2D,中国,1869196,姚光华 Guanghua Yao,2024352,洪海天 Hai-tian Hong?(voice),2181344,罗玉婷 Yu Ting Luo?(voice),164
637885,回到被爱的每一天,201,2015,2015/10/27,爱情,2D,中国,1868,何平 Ping He,2237289,刘央 Liu Yang,119,王志文 Zhiwen Wang,169
637793,迷与狂,213,2015,2015/5/22,喜剧,2D,中国,2191478,颜廷录,2186568,蒋雪鸣 Xue Ming Jiang,2220247,王厦 Xia Wang,126
631436,拳霸风云,212,2015,2015/6/26,动作/爱情,2D,中国,2224783,臧溪川 Xichuan Zang,2180164,崔允素 Yun-su Choi,1948444,杜海涛 Haitao Du,133
639469,诡打墙,211,2015,2015/9/25,惊悚/恐怖,2D,中国,2181722,游松 You Song,2022609,潘辰 Chen Pan,1903444,郭月 Guo Yue,134
631838,像素大战,50,2015,2015/9/15,动作/喜剧/科幻,3D/IMAX,中国/美国/加拿大,538101,克里斯・哥伦布 Chris Columbus,278040,彼特・丁拉基 Peter Dinklage,74809,米歇尔・莫娜汉 Michelle Monaghan,10096
626778,新娘大作战,40,2015,2015/8/20,爱情/喜剧,2D/3D,中国/中国香港,1948634,陈国辉 Tony Chan,2024207,倪妮 Ni Ni,2185166,陈晓 Xiao Chen,17337
629949,熊出没之雪岭熊风,30,2015,2015/1/30,动画/喜剧/冒险,2D/3D/IMAX,中国,17703,丁亮 Liang Ding,2217361,张秉君 Bingjun Zhang?(voice),2176877,谭笑 Xiao Tan?(voice),29559
630178,奔跑吧！兄弟,20,2015,2015/1/30,喜剧,2D,中国,2214960,岑俊义 Junyi Ceng,2185167,郑恺 Kai Zheng,2036,王宝强 Baoqiang Wang,43428
638436,唐人街探案,10,2015,2015/12/31,喜剧/动作/悬疑,2D,中国,1865864,陈思诚 Sicheng Chen,2201578,刘昊然 Haoran Liu,1903041,佟丽娅 Liya Tong,82339
636000,碟中谍5：神秘国度,9,2015,2015/9/8,动作/冒险/惊悚,2D/IMAX,中国/美国,665099,克里斯托夫・迈考利 Christopher McQuarrie,2194388,丽贝卡・弗格森 Rebecca Ferguson,60857,杰瑞米・雷纳 Jeremy Renner,86964
617155,老炮儿,8,2015,2015/12/24,剧情/亲情/家庭/动作/犯罪,2D,中国,12276,管虎 Hu Guan,5306,张涵予 Hanyu Zhang,423,许晴 Summer Qing,90261
630887,西游记之大圣归来,7,2015,2015/7/10,动画/动作,2D/3D,中国,2179113,田晓鹏 XiaoPeng Tian,2228741,林子杰 Zijie Lin?(voice),2228742,吴文伦 Wenlun Wu?(voice),95638
627594,澳门风云2,6,2015,2015/2/19,动作/喜剧,2D/3D,中国,15321,王晶 Jing Wong,321,刘嘉玲 Carina Lau,956,张家辉 Nick Cheung,97474
629410,煎饼侠,5,2015,2015/7/17,喜剧/爱情,2D,中国,2181152,董成鹏 Chengpeng Dong,2009905,柳岩 Yan Liu,9903,吴君如 Sandra Ng,116015
628183,夏洛特烦恼,4,2015,2015/9/30,喜剧/爱情/青春,2D,中国,2190167,闫非 Fei Yan,9450,马丽 Li Ma,2188737,尹正 Yin Zheng,144148
618038,港,3,2015,2015/9/25,喜剧,2D/IMAX,中国,94,徐峥 Zheng Xu,2022473,包贝尔 Beier Bao,2179793,杜鹃 Dun Juan,161336
614981,寻龙诀,2,2015,2015/12/18,动作/冒险/惊悚,2D/3D/IMAX,中国,1948635,乌尔善 Wuershan,3341,黄渤 Bo Huang,5661,舒淇 Hsu Chi,168214
627896,捉妖记,1,2015,2015/7/16,魔幻/喜剧,2D/3D/IMAX,中国,39045,许诚毅 Raman Hui,1903036,井柏然 Boran Jing,4863,姜武 Wu Jiang,243953
618528,左耳,19,2015,2015/4/24,爱情/青春,2D,中国,21089,苏有朋 Alec Su,2193742,欧豪 Oho Ou,1902988,杨洋 Yang Yang,48522
617351,小时代4：灵魂尽头,18,2015,2015/7/9,爱情/青春/喜剧,2D,中国,1877315,郭敬明 Jingming Guo,1878021,郭采洁 Amber Kuo,2180784,陈学冬 Xuedong Chen,48856
637578,滚蛋吧！肿瘤君,17,2015,2015/8/13,喜剧/爱情/励志,2D/IMAX,中国,1866677,韩延 Yan Han,1162,吴彦祖 Daniel Wu,8838,李媛 Yuan Li,51103
617809,杀破狼2,15,2015,2015/6/18,动作/犯罪/警匪,3D,中国/中国香港,113,郑保瑞 Soi Cheang,967537,托尼・贾 Tony Jaa,6161,张晋 Max Zhang,56035
631030,恶棍天使,14,2015,2015/12/24,喜剧,2D,中国,5302,邓超 Chao Deng,4798,孙俪 Betty Sun,1861607,代乐乐 Lele Dai,64928
617165,战狼,16,2015,2015/4/2,动作/战争,3D,中国,8448,吴京 Jacky Wu,1903358,周晓鸥 Xiao-ou Zhou,17977,斯科特・阿特金斯 Scott Adkins,54448
615300,九层妖塔,13,2015,2015/9/30,动作/惊悚/魔幻/冒险,2D/3D,中国,5844,陆川 Chuan Lu,1866285,姚晨 Yao Chen,41281,凤小岳 Rhydian Vaughan,68280
612432,狼图腾,12,2015,2015/2/19,剧情/冒险,2D/3D/IMAX,中国/法国,136593,让・克・阿诺 Jean-Jacques Annaud,2013051,窦骁 Shawn Dou,2191337,昂哈尼玛 Ang Ha Ni Ma,69989
626314,天将雄师,11,2015,2015/2/19,动作/古装/战争/爱情,2D/3D/IMAX,中国,9949,李仁港 Daniel Lee,116728,约翰・库萨克 John Cusack,1868340,林鹏 Peng Lin,74410
617356,烈日灼心,29,2015,2015/8/27,剧情/犯罪/悬疑/心理,2D,中国,1862269,曹保平 Baopin Cao,361566,段奕宏 Yihong Duan,141,郭涛 Tao Guo,30482
629494,横冲直撞好莱坞,28,2015,2015/6/26,喜剧/动作/爱情,2D,中国/中国香港/美国,2227970,蒂姆・肯德尔 Timothy Kendall,6904,黄晓明 Xiaoming Huang,1370,佟大为 Dawei Tong,32233
631343,万万没想到,27,2015,2015/12/18,喜剧/古装/冒险,2D,中国,2206449,叫兽易小星 Xiao Xing Yi,2202959,白客 Ke Bai,31,陈柏霖 Berlin Chen,32236
630765,何以笙箫默,26,2015,2015/4/30,爱情,2D,中国,1868706,杨文军 Wenjun Yang,7415,杨幂 Mini Yang,1370,佟大为 Dawei Tong,35351
626506,重返20岁,25,2015,2015/1/8,喜剧/爱情/家庭/亲情,2D,中国/中国香港/中国台湾/韩国,1947946,陈正道 Zhengdao Chen,14052,归亚蕾 Ah Lei Gua,31,陈柏霖 Berlin Chen,36606
629465,栀子花开,24,2015,2015/7/10,爱情/青春,2D,中国,1868111,何炅 Jiong He,2199772,张慧雯 Huiwen Zhang,2175488,蒋劲夫 Jingfu Jiang,37900
617702,道士下山,23,2015,2015/7/2,喜剧/冒险/动作/古装/武侠,3D/IMAX,中国/美国,403,陈凯歌 Kaige Chen,8615,郭富城 Aaron Kwok,1365,张震 Zhen Zhang,40077
614827,钟馗伏魔：雪妖魔灵,22,2015,2015/2/19,魔幻/爱情,2D/3D/IMAX,中国/中国香港/美国,3502,鲍德熹 Peter Pau,2651,李冰冰 Bingbing Li,11315,赵文u Winston Chao,40913
639056,百团大战,21,2015,2015/8/28,战争/历史,2D,中国,7539,宁海强 Haiqiang Ning,2373,刘之冰 Zhibing Liu,4721,印小天 Xiaotian Yin,41349
631264,解救吾先生,39,2015,2015/9/30,动作/犯罪,2D,中国,14253,丁晟 Sheng Ding,953,刘烨 Ye Liu,2061,吴若甫 Ruofu Wu,19591
618734,赤道,38,2015,2015/4/30,动作/犯罪,2D,中国/中国香港,2024452,梁乐民 Lok Man Leung,956,张家辉 Nick Cheung,7926,余文乐 Shawn Yue,20974
631325,我是证人,37,2015,2015/10/30,剧情/悬疑/青春,2D,中国,860438,安尚勋 Sang-hoon Ahn,2197744,鹿晗 Lu Han,1866665,朱亚文 Yawen Zhu,21524
627482,失孤,36,2015,2015/3/20,剧情,2D,中国,1868049,彭三源 Sanyuan Peng,1903036,井柏然 Boran Jing,323,梁家辉 Tony Leung,21615
630414,爸爸去哪儿2,35,2015,2015/2/19,纪实/纪录片/家庭/儿童,2D,中国,2192662,谢涤葵 Dikui Xie,2213207,曹三丰 Sanfeng Cao,2213208,曹华恩 Huaen Cao,22348
639004,极盗者,34,2015,2015/12/4,动作/犯罪/冒险,2D/3D,中国/美国/德国,96589,埃里克森・科尔 Ericson Core,2203159,埃德加・拉米雷兹 Edgar Ramirez,954417,泰莉莎・帕尔墨 Teresa Palmer,24843
637665,前任2：备胎反击战,33,2015,2015/11/6,爱情/喜剧,2D,中国,2009734,田羽生 Yu-sheng Tian,1878021,郭采洁 Amber Kuo,196205,王传君 Eric Wang,25200
627004,有一个地方只有我们知道,32,2015,2015/2/10,爱情/喜剧/青春,2D,中国,146,徐静蕾 Jinglei Xu,1865707,王丽坤 Likun Wang,2202234,张超 Chao Zhang,28353
627393,咱们结婚吧,31,2015,2015/4/2,爱情,2D,中国,2362,刘江 Jiang Liu,4863,姜武 Wu Jiang,361567,李晨 Chen Li,28447
618119,不可思异,49,2015,2015/12/4,喜剧/科幻,2D/3D,中国,2394,孙周 Zhou Sun,1903010,小沈阳 Yang Shen,2188737,尹正 Yin Zheng,11179
628143,爸爸的假期,48,2015,2015/2/19,喜剧/家庭,2D,中国,1866891,王岳伦 Yuelun Wang,6591,林志颖 Jimmy Lin,2190721,张亮 Sean,11619
631012,玩命速递：重启之战,47,2015,2015/11/20,动作/犯罪/惊悚,2D/3D,中国/法国/比利时,2194163,卡米勒・德拉马雷 Camille Delamarre,2213241,拉蒂沃杰・布克维奇 Radivoje Bukvic,428263,雷・史蒂文森 Ray Stevenson,12845
607363,王朝的女人・杨贵妃,46,2015,2015/7/30,爱情/古装/历史,2D,中国,2202739,十庆 Shi Qing,548,黎明 Leon Lai,1859801,吴尊 Chun Wu,13392
629090,万物生长,44,2015,2015/4/17,爱情/青春,2D,中国,4640,李玉 Yu Li,1903300,韩庚 Han Geng,2176423,齐溪 Xi Qi,14832
627643,冲上云霄,43,2015,2015/2/19,爱情,2D,中国/中国香港,2230,叶伟信 Wilson Yip,1160,郑秀文 Sammi Cheng,7925,吴镇宇 Francis Ng,15630
638821,怦然星动,42,2015,2015/12/3,爱情,2D,中国,1948634,陈国辉 Tony Chan,1877453,李易峰 Yifeng Li,1868490,陈数 Shu Chen,15954
385808,第七子：降魔之战,41,2015,2015/1/16,魔幻/家庭/冒险,3D/IMAX,中国/美国,2185051,谢尔盖・波德罗夫 Sergei Bodrov,42574,杰夫・布里吉斯 Jeff Bridges,87724,朱丽安・摩尔 Julianne Moore,17292
627886,破风,45,2015,2015/8/6,爱情/运动,2D/IMAX,中国/中国香港,15795,林超贤 Dante Lam,2013051,窦骁 Shawn Dou,1866377,王珞丹 Luodan Wang,14528
629414,命中注定,58,2015,2015/7/24,爱情/喜剧,2D,中国/中国香港/美国,26263,张皓 Hao Zhang,4240,廖凡 Liao Fan,1860812,苏岩 Sophie.Su,6793
616397,有种你爱我,57,2015,2015/2/6,爱情/喜剧,2D,中国,2184865,李欣蔓 Xin-man Li,1865654,江一燕 Yiyan Jiang,2204249,于笑 Xiao Yu,6820
628791,一路惊喜,56,2015,2015/2/6,爱情,2D,中国/中国香港,9464,金依萌 Eva Jin,41281,凤小岳 Rhydian Vaughan,2175488,蒋劲夫 Jingfu Jiang,6972
639256,黑猫警长之翡翠之星,55,2015,2015/8/7,动画/喜剧/科幻/动作,2D,中国,2022431,于胜军 Sheng-jun Yu,2180648,吴天昊 Tian Hao Wu?(voice),2228741,林子杰 Zijie Lin?(voice),7048
627016,第三种爱情,54,2015,2015/9/25,爱情,2D,中国,1661964,李载汉 John H. Lee,3449,刘亦菲 Yifei Liu,2185060,江疏影 Shu-ying Jiang,7325
638444,洛克王国4：出发！巨人谷,53,2015,2015/8/13,动画/儿童/喜剧,2D,中国,822035,乌格斯・马特尔 Hugues Martel,7443,关晓彤 Traey Miley?(voice),2232041,林子姐姐 Lin Zi Jie Jie?(voice),7697
619619,消失的凶手,52,2015,2015/11/27,动作/悬疑,2D,中国/中国香港,18639,罗志良 Chi-Leung Law,2187120,林家栋 Ka Tung Lam,36,李小璐 Xiaolu Li,7709
640376,一念天堂,51,2015,2015/12/31,喜剧,2D,中国,3340,张承 Cheng Zhang,9450,马丽 Li Ma,2238102,杜晓宇 Xiao-yu Du,8279
619597,金牌流浪狗,183,2014,2014/1/21,喜剧,2D,中国,2191449,马里奥 Mario,2191452,吕红旭 Hongxu Lv,2191453,崔冰 Bing Cui,105
617336,虐面人之死灵面膜,170,2014,2014/6/20,惊悚/悬疑,2D,中国,2200299,吴国勇 Guo-yong Wu,1865884,程媛媛 Yuanyuan Cheng,2181223,韩丹彤 Dan-tong Han,195
627548,有一天,160,2014,2014/9/10,剧情/儿童,2D,中国,1867157,李睿B Ruijun Li,1866145,熊乃瑾 Naijin Xiong,5306,张涵予 Hanyu Zhang,219
618400,对不起，我爱你,150,2014,2014/1/3,爱情,2D,中国,2226264,杨子 Larry Yang,1036758,温心 Swan,2180644,黄恺杰 Wesley Wong,280
615125,死亡派对,130,2014,2014/9/19,惊悚/悬疑,2D,中国,2203924,解航 Hang Xie,1866145,熊乃瑾 Naijin Xiong,2183358,高圣远 Archie David Kao,552
626107,美人邦,120,2014,2014/8/28,爱情/喜剧,2D,中国,2188766,王伟 Wang Wei,2022711,刘雨欣 Angel Liu,2185686,刘羽琦 Yuqi Liu,703
613569,诡镇,110,2014,2014/1/17,惊悚,2D,中国,2187843,钱人豪 Joe Chien,21385,夏凡 Fan Xia,2172,林雪 Suet Lam,933
619651,我的播音系女友,100,2014,2014/5/20,爱情,2D,中国,2179650,程中豪 Zhonghao Cheng,2010703,戚薇 Stephy Qi,2198348,邱晔 Ye Qiu,1282
617707,好命先生,80,2014,2014/8/15,爱情/喜剧,2D,中国,1903363,韩兆 Zhao Han,5988,安以轩 Ady Ang,3348,刘桦 Hua Liu,2213
608979,王牌,70,2014,2014/12/31,战争/悬疑,2D,中国,13308,范建会 Jianhui Fan,323,梁家辉 Tony Leung,1866950,蒙亭宜 Tingyi Meng,3165
626377,盗马记,50,2014,2014/3/21,喜剧,2D,中国/中国香港,1862492,李志毅 Li Chi Ngai,323,梁家辉 Tony Leung,11137,郑伊健 Ekin Cheng,6273
626880,临时同居,40,2014,2014/8/21,爱情/喜剧,2D,中国/中国香港,2190144,卓韵芝 Goo-Bi GC,1160,郑秀文 Sammi Cheng,15220,胡杏儿 Myolie Wu,10108
610953,四大名捕大结局,30,2014,2014/8/22,动作/古装/爱情/悬疑,3D,中国/中国香港,12428,陈嘉上 Gordon Chan,5302,邓超 Chao Deng,3449,刘亦菲 Yifei Liu,19234
555839,太平轮（上）,29,2014,2014/12/2,爱情/战争,2D/3D/IMAX,中国,1361,吴宇森 John Woo,1367,金城武 Takeshi Kaneshiro,152351,宋慧乔 SongHyeKyo,19542
617708,单身男女2,28,2014,2014/11/11,爱情/喜剧,2D,中国/中国香港,2074,杜琪峰 Johnny To,17146,杨千 Miriam Yeung,140,高圆圆 Yuanyuan Gao,19875
618013,痞子英雄：黎明升起,27,2014,2014/10/1,动作/犯罪,3D,中国/中国台湾,41376,蔡岳勋 Yueh-Hsun Tsai,2022899,林更新 kenny Lin,40342,张钧甯 Chun-Ning Chang,20433
626390,闺蜜,26,2014,2014/7/30,爱情/青春,2D,中国,15197,黄真真 Babara Wong,22896,薛凯琪 Fiona Sit,1877772,杨子姗 Zishan Yang,20491
617372,老男孩之猛龙过江,25,2014,2014/7/10,喜剧,2D,中国,2176960,肖央 Yang Xiao,2189236,屈菁菁 Jingjing Qu,2176960,肖央 Yang Xiao,20888
613011,撒娇女人最好命,23,2014,2014/11/28,爱情,2D,中国,15775,彭浩翔 Ho-Cheung Pang,6904,黄晓明 Xiaoming Huang,1904899,隋棠 Sonia Sui,23049
616332,催眠大师,21,2014,2014/4/29,惊悚/悬疑/心理,2D,中国,1947946,陈正道 Zhengdao Chen,7447,莫文蔚 Karen Mok,12498,胡静 Jing Hu,27387
597089,白日焰火,39,2014,2014/3/21,爱情/犯罪,2D,中国/中国香港,136,刁亦男 Yinan Diao,8661,桂纶镁 Lun-mei Guey,3932,王学兵 Xuebing Wang,10260
626697,魔警,38,2014,2014/4/18,动作,2D,中国/中国香港,15795,林超贤 Dante Lam,956,张家辉 Nick Cheung,8449,安志杰 Andy On,10833
616526,一个人的武林,37,2014,2014/10/31,动作/悬疑/警匪/功夫/爱情,3D,中国/中国香港,3416,陈德森 Teddy Chan,2036,王宝强 Baoqiang Wang,325,杨采妮 Charlie Yeung,11892
629873,狂怒,36,2014,2014/11/21,战争/动作,2D,中国/美国/英国,225347,大卫・阿耶 David Ayer,71327,希亚・拉博夫 Shia LaBeouf,539729,罗根・勒曼 Logan Lerman,11902
628995,十万个冷笑话,35,2014,2014/12/31,动画/喜剧,2D,中国,2205678,卢恒宇 Hengyu Lu,2185871,宝木中阳 BMZY?(voice),2185872,山新 Xin Shan?(voice),11982
617157,前任攻略,34,2014,2014/1/31,爱情/喜剧,2D,中国,2009734,田羽生 Yu-sheng Tian,1865934,姚星彤 Anna Yao,2175436,郑凯 Kai Zheng,12968
609017,冰封：重生之门,33,2014,2014/4/25,动作/科幻/喜剧,3D,中国,2094,罗永昌 Wing-cheong Law,2036,王宝强 Baoqiang Wang,87,黄圣依 Shengyi Huang,14270
626514,我的早更女友,32,2014,2014/12/12,爱情/喜剧,2D,中国,8658,郭在容 Jae-young Kwak,1370,佟大为 Dawei Tong,23435,钟汉良 Wallace Chung,16181
617988,黄飞鸿之英雄有梦,31,2014,2014/11/21,动作/爱情/武侠/功夫,3D,中国/中国香港,2022471,周显扬 Roy Chow,1866377,王珞丹 Luodan Wang,1903036,井柏然 Boran Jing,18423
626573,露水红颜,49,2014,2014/11/7,爱情,2D,中国,1860222,高希希 Xixi Gao,3449,刘亦菲 Yifei Liu,2881,陈冲 Joan Chen,6637
626108,英雄之战,48,2014,2014/3/21,动作/冒险,2D,中国,2186687,虞军豪 Junhao Yu,6934,何润东 Peter Ho,2192181,魏一 Wei Yi,7458
618096,触不可及,47,2014,2014/9/19,爱情/悬疑,2D,中国,5534,赵宝刚 Baogang Zhao,8661,桂纶镁 Lun-mei Guey,8662,方中信 Alex Fong,7685
613414,救火英雄,46,2014,2014/1/3,动作,2D,中国/中国香港,2231,郭子健 Chi-kin Kwok,7926,余文乐 Shawn Yue,2175,任达华 Simon Yam,7746
618816,六福喜事,45,2014,2014/1/11,爱情/喜剧,2D,中国/中国香港,11253,谷德昭 Vincent Kok,17416,郑中基 Ronald Cheng,9903,吴君如 Sandra Ng,8091
613091,整容日记,44,2014,2014/4/4,喜剧/都市,2D,中国/中国香港,273,林爱华 Oi Wah Lam,17416,郑中基 Ronald Cheng,6625,张瑶 Yao Zhang,8441
590329,绣春刀,42,2014,2014/8/7,动作/古装/悬疑,2D,中国,2177853,路阳 Yang Lu,1888512,王千源 Qianyuan Wang,2023793,李东学 Dong Xue Li,9321
618944,反贪风暴,41,2014,2014/8/16,动作/反腐,2D,中国/中国香港,23244,林德禄 David Lam,2187120,林家栋 Ka Tung Lam,2177487,陈静 Dada Chan,9525
617485,笔仙Ⅲ,58,2014,2014/7/4,惊悚/恐怖,2D,中国,2176032,安兵基 Byeong-ki Ahn,2019145,焦俊艳 Junyan Jiao,2185005,董子健 ZiJian Dong,5039
612791,黄金时代,57,2014,2014/10/1,爱情/传记,2D,中国/中国香港,544,许鞍华 Ann Hui,1903012,冯绍峰 Shaofeng Feng,119,王志文 Zhiwen Wang,5156
597207,脱轨时代,56,2014,2014/3/7,爱情,2D,中国,2181723,五百 Wu Bai,3193,潘粤明 Yueming Pan,43782,吴克群 Kenji Wu,5473
612707,龙之谷：破晓奇兵,55,2014,2014/7/31,动画/爱情,2D/3D/IMAX,中国,2023689,宋岳峰 SongYueFeng,2382,胡歌 Ge Hu?(voice),2014551,夏梓桐 Xia Zi Tong?(voice),5741
627872,神笔马良,54,2014,2014/7/25,动画,2D/3D/IMAX,中国,6116,钟智行 Frankie Chung,2181311,孟祥龙 Xiang Long Meng?(voice),2024352,洪海天 Hai-tian Hong?(voice),5864
617392,神秘世界历险记2,52,2014,2014/8/8,动画/家庭/冒险,2D,中国,1865646,王云飞 Wang Yunfei,2205036,孟泉霖 Quanlin Meng?(voice),2177114,陆揆 Kui Lu?(voice),6190
628178,天河,69,2014,2014/11/15,剧情,2D,中国,7539,宁海强 Haiqiang Ning,108,俞飞鸿 Faye Yu,361566,段奕宏 Yihong Duan,3324
618625,史前怪兽,68,2014,2013/12/31,动作/惊悚/冒险,3D,中国/英国,2188846,埃里克・斯泰尔斯 Eric Styles,2188848,杜夫・龙格尔 Dolph Lundgren,1166,黄奕 Yi Huang,3481
626950,全城通缉,67,2014,2014/11/6,动作/悬疑/犯罪,2D,中国,2174754,汪涛 Tao Wang,14522,赵文卓 Vincent Zhao,1860329,秋瓷炫 Choo Ja Hyun,3508
626353,笔仙惊魂3,66,2014,2014/4/4,惊悚,2D,中国,2022442,关尔 Er Guan,2185140,郭艳 Yan Guo,1865979,郭鑫 Xin Guo,3532
627357,新大头儿子和小头爸爸之秘密计划,64,2014,2014/9/26,动画,2D,中国,2206961,何澄 Cheng He,1948541,董浩 Hao Dong?(voice),2177252,鞠萍 Ping Ju?(voice),4244
618516,麦兜・我和我妈妈,62,2014,2014/10/1,动画/家庭,2D,中国/中国香港,20150,谢立文 Brian Tse,2315,黄秋生 Anthony Wong?(voice),1878139,李云迪 Li Yundi?(voice),4439
617250,铠甲勇士之雅塔莱斯,61,2014,2014/10/1,动画,2D,中国,2010268,郑国伟 Guowei Zheng,2208248,曹曦月 Xiyue Cao?(voice),2174996,曾祥程 Xiang Cheng Zeng?(voice),4442
629003,3D食人虫,79,2014,2014/10/10,惊悚/科幻/灾难,3D,中国,2205917,严嘉 Jia Yan,2014699,张梓琳 Zilin Zhang,196205,王传君 Eric Wang,2260
626612,百变爱人,78,2014,2014/4/11,喜剧,2D,中国/中国香港,19330,叶念琛 Patrick Kong,17219,许冠文 Michael Hui,1904514,王菀之 Ivana Wong,2416
616743,魁拔Ⅲ战神崛起,77,2014,2014/10/1,动画,3D,中国,1746107,王川 Chuan Wang,2188526,刘露 Liu Lu?(voice),20818,王凯 Kai Wang?(voice),2431
615672,怨灵人偶,76,2014,2014/12/31,惊悚/恐怖/灵异,3D,中国,2183540,石井辉仪 Telly Ishii,2022596,周奇奇 Qiqi Zhou,18531,李逸朗 Yat-long Lee,2592
626992,辛巴达历险记2,75,2014,2014/5/30,动画,2D,中国,2183545,顾培欣 Peixin Gu,2186484,杨鸥 Ou Yang?(voice),2181015,杨梦露 Meng Lu Yang?(voice),2596
617600,疯狂72小时,74,2014,2014/6/6,喜剧/爱情,2D,中国,3192,李继贤 Jixian Li,5789,耿乐 Le Geng,144,邵兵 Bing Shao,2736
627089,开心超人2启源星之战,73,2014,2014/7/18,动画,2D,中国,1863427,黄伟明 Weiming Huang,2176634,祖晴 Qing Zu?(voice),2020623,邓玉婷 Yuting Deng?(voice),2803
617149,完美假妻168,72,2014,2014/3/4,爱情/喜剧/悬疑,2D,中国,327,刘镇伟 Jeffrey Lau,14678,徐若u Vivian Hsu,3932,王学兵 Xuebing Wang,2925
618626,大话天仙,71,2014,2014/2/2,喜剧/古装,2D,中国/中国香港,327,刘镇伟 Jeffrey Lau,17416,郑中基 Ronald Cheng,11137,郑伊健 Ekin Cheng,2963
626876,西藏天空,89,2014,2014/4/15,剧情/历史/主旋律,2D,中国,1869918,傅东育 Dongyu Fu,2194339,拉旺罗布 La Wang Luo Bu,2194340,阿旺仁青 A Wang Ren Qing,1797
629659,怨灵,87,2014,2014/11/13,惊悚/恐怖,2D,中国,2209719,佟亦坚 Yijian Tong,2176121,姜潮 Jo,2181278,倪慕斯 Muse Nee,1895
618308,巴啦啦小魔仙之魔法的考验,86,2014,2014/1/23,魔幻/冒险/儿童,2D,中国,4713,李欣 Xin Lee,2193106,赵今麦 Jinmai Zhao,2193107,刘黛希 Daixi Liu,1916
614775,碟仙诡谭,85,2014,2014/8/8,惊悚,2D,中国,1866697,王熠 Yi Wang,2205026,刘小佳 Xiaojia Liu,1878047,洪乙心 HongJueXin,2014
593948,我在路上最爱你,84,2014,2014/3/28,爱情,2D,中国/韩国,2193395,金丰起,9902,池珍熙 Jin-hee Ji,152156,车秀妍 Su-yeon Cha,2085
612628,谁说我们不会爱,83,2014,2014/2/14,爱情/青春,2D,中国,17340,刘宝贤 Bowie Lau,1867134,颖儿 Jacoke Liu,2014547,陈廷嘉 Tingjia Chen,2147
611212,夜莺,81,2014,2014/10/31,爱情,2D,中国/法国,40666,菲利普・穆伊尔 Philippe Muyl,1862431,李小冉 Xiaoran Li,1867303,秦昊 Qin Hao,2204
627797,女生宿舍,99,2014,2014/9/12,惊悚/悬疑,2D,中国,2020104,梁婷 Ting Liang,2180071,成毅 Yi Cheng,2204557,赵多娜 Duona Zhao,1283
612723,推拿,98,2014,2014/11/28,爱情,2D,中国,11426,娄烨 Ye Lou,1867303,秦昊 Qin Hao,22,张磊 Lei Zhang,1315
626911,夜半梳头,97,2014,2014/6/13,惊悚/恐怖,2D,中国,2194445,刘宁 Ning Liu,42173,李威 Wei Lee,2180735,宣璐 Lu Xuan,1348
628125,男人不可以穷,96,2014,2014/12/24,喜剧/励志,2D,中国/中国香港,1862536,钟澍佳 Chung Shu Kai,1877171,陈伟霆 William Chan,17078,谢天华 Michael Tse,1376
629871,大话西游之大圣娶亲,95,2014,2014/10/24,喜剧/动作/冒险/爱情,2D,中国/中国香港,327,刘镇伟 Jeffrey Lau,4212,朱茵 Athena Chu,9968,罗家英 Kar-Ying Law,1413
613534,过界男女,94,2014,2014/2/14,爱情,2D,中国/中国香港,2180000,刘韵文 Yunwen Liu,4177,陈坤 Kun Chen,5409,田原 Yuan Tian,1424
619444,人间・小团圆,93,2014,2014/5/8,爱情/家庭,2D,中国/中国香港,15775,彭浩翔 Ho-Cheung Pang,596,梁咏琪 Gigi Leung,2577,曾志伟 Eric Tsang,1431
628250,床下有人2,92,2014,2014/8/22,惊悚,2D,中国,2174551,袁杰 Jie Yuan,2202652,李卓远 Zhuoyuan Li,2202653,孙心娅 Xinya Sun,1489
628596,不能说的夏天,91,2014,2014/10/24,爱情/青春,2D,中国/中国台湾,2204566,王维明 Weiming Wang,1878021,郭采洁 Amber Kuo,1865438,贾静雯 Alyssa Chia,1668
628993,坏姐姐之拆婚联盟,109,2014,2014/11/28,爱情/喜剧,2D,中国,325147,金泰均 Tae-gyun Kim,9902,池珍熙 Jin-hee Ji,2180784,陈学冬 Xuedong Chen,993
616356,深夜前的五分钟,108,2014,2014/10/23,爱情,2D,中国,153302,行定勋 Isao Yukisada,154551,三浦春马 Haruma Miura,39740,张孝全 Hsiao-chuan Chang,1006
629845,大话西游之月光宝盒,107,2014,2014/10/24,喜剧/爱情/动作/冒险,2D,中国/中国香港,327,刘镇伟 Jeffrey Lau,7447,莫文蔚 Karen Mok,9969,吴孟达 Man Tat Ng,1025
626503,不再说分手,106,2014,2014/8/1,爱情,2D,中国/中国香港,2176709,郑丹瑞 Danrui Zheng,2012932,周秀娜 Chrissie Chau,1904514,王菀之 Ivana Wong,1028
618415,江湖论剑实录,105,2014,2014/8/15,喜剧/古装,2D,中国,2185002,蒋卓元 Zhuo-yuan Jiang,2022750,孙坚 Oscar Sun,2022896,潘之琳 Feeling Pan,1094
627006,恐怖电影院,101,2014,2014/10/30,惊悚/恐怖,2D,中国,2174551,袁杰 Jie Yuan,2209749,罗翔 Xiang Luo,2187972,殷果儿 Abby,1228
629157,诡八楼,119,2014,2014/9/19,惊悚/爱情,2D,中国,1866956,张力 Li Zhang,13351,倪景阳 Jingyang Ni,2206978,常乐 Le Chang,729
619227,特工艾米拉,118,2014,2014/4/11,动作,2D,中国,2190390,小徐 Honghui Xu,2188504,胡梦媛 Frieda Hu,7936,连凯 Andrew Lien,741
617321,洋妞到我家,117,2014,2014/8/8,喜剧/家庭,2D,中国,1865786,陈刚 Gang Chen,2233,陈建斌 Jianbin Chen,2205031,陈一诺 Yoyo,756
610079,爱情进化论,116,2014,2014/8/15,爱情,3D,中国,2202741,刘荣艳 Rongyan Liu,1888480,郭碧婷 Biting Guo,14050,戴立忍 Leon Dai,763
629874,还魂之迷失曼谷,115,2014,2014/12/26,惊悚/悬疑,2D,中国,2181441,刘晨 Chen Liu,2022086,李昕芸 Xinyun Li,8838,李媛 Yuan Li,778
609014,恶战,114,2014,2014/1/10,动作,2D,中国/中国香港,16160,黄精甫 Ching-Po Wong,8449,安志杰 Andy On,2771,洪金宝 Sammo Hung,804
604335,聪明的一休之反斗公主,113,2014,2014/4/30,动画,2D,中国/日本,2200411,雷建成 Jiancheng Lei,2200409,罗玉娟 Yujuan Luo?(voice),2181013,李正翔 Zheng Xiang Li?(voice),804
618179,最佳嫌疑人,112,2014,2014/4/18,喜剧/悬疑,2D,中国,3340,张承 Cheng Zhang,21089,苏有朋 Alec Su,22250,林俊贤 Wilson Lam,884
629176,密道追踪之阴兵虎符,111,2014,2014/12/5,动作/悬疑/冒险/惊悚,2D/3D,中国,2175641,俞岛 Dao Yu,2205573,母其弥雅 MUQIMIYA,16308,唐文龙 Michael Tong,901
610103,怖偶,129,2014,2014/5/7,惊悚,2D,中国,1868718,王松 Song Wang,2022577,阚清子 Qingzi Kan,2192678,杨彩旗 Caiqi Yang,563
627338,封门村,128,2014,2014/5/27,惊悚/悬疑/恐怖,2D,中国,2197538,邢博 Bo Xing,1866335,徐冬冬 Dongdong Xu,1904902,包小柏 Tino Bao,567
596062,非狐外传,126,2014,2014/3/14,爱情/古装/喜剧/魔幻,2D,中国/中国香港,6079,钱升玮 Wellson Chin,1862289,方力申 Alex Fong,2172,林雪 Suet Lam,609
617565,花咒,125,2014,2014/12/12,惊悚/爱情/恐怖,2D,中国,1947973,李克龙 Kelong Li,1868327,齐志 Zhi Qi,2175464,罗彬 Bin Luo,628
618101,拆散专家,124,2014,2014/11/7,爱情,2D,中国,2202584,李坚,1860376,贾一平 Yiping Jia,1866025,张峻宁 Junning Zhang,638
616067,死亡邮件,123,2014,2014/6/20,惊悚/犯罪/悬疑,2D,中国,1866913,李 Yu Li,1866120,乔任梁 Kimi,2201633,张杨果而 Zhang Yang Guo Er,638
627903,我就是我,122,2014,2014/7/25,爱情,2D,中国,2190521,范立欣 Lixin Fan,2201133,于朦胧 Alan Yu,1872310,居来提 Laiti Ju,653
596563,化妆师,121,2014,2014/3/20,惊悚,2D,中国,833,午马 Ma Wu,2021556,大左 Ryan,1867266,尚华 Hua Shang,668
589645,蓝色骨头,139,2014,2014/10/17,剧情/音乐,2D,中国,716,崔健 Jian Cui,3080,赵有亮 Youliang Zhao,2020156,尹P Fang Yin,420
589109,分手达人,138,2014,2014/6/6,爱情/喜剧,2D,中国,2200828,张自立 Zili Zhang,1865182,范逸臣 Van Fan,2014392,刘承俊 Sung-junYoo,442
589159,激浪青春,137,2014,2014/6/6,爱情,2D,中国,1560,梁柏坚 Patrick Leung,1904812,陈乔恩 Joe Chan,1903100,于小伟 Xiaowei Yu,498
616769,闹在碗中,135,2014,2014/1/14,喜剧,2D,中国,2242118,章国庆 Guoqing Zhang,2242115,石峄 CoCo Shi,2242116,李骏诚 Jun-cheng Li,501
629449,秘术,134,2014,2014/11/14,惊悚/悬疑/冒险/犯罪,2D,中国,1865406,吴兵 Bing Wu,5988,安以轩 Ady Ang,6954,郭德纲 Degang Guo,504
611103,闪魂,131,2014,2014/2/21,惊悚/犯罪,2D,中国,2177716,戴维 Wei Dai,2191364,陈圆 Chen Yuan,2186262,李伟 Wei Li,539
618287,我想结婚的时候你在哪,149,2014,2014/8/1,爱情/喜剧,2D,中国,2012690,车径行 Jinghang Che,2012932,周秀娜 Chrissie Chau,68,周韦彤 Weitong Zhou,281
618615,谁动了我的梦想,148,2014,2014/12/11,爱情/喜剧,2D,中国,1102,王伟 Wei Wang,2009970,张蓝心 Lan-xin Zhang,25969,胡兵 Bing Hu,319
612309,城市游戏,145,2014,2014/5/16,动作/惊悚,2D,中国/中国香港,53161,鲍勃・布朗 Bob Brown,1903083,陈妍希 Michelle Chen,22447,释小龙 Siu Lung Sik,327
618370,缘来是游戏,146,2014,2014/9/19,爱情/喜剧,2D,中国,330,陈勋奇 Frankie Chan,2198449,林芮西 Jade Lin,1904459,马国明 Kenneth Ma,327
629752,孤岛,143,2014,2014/10/31,惊悚/恐怖/悬疑,2D,中国,2210816,廉涛 Tao Lian,2210815,田苏灏 Su Ying Tian,2191451,毛毅 Yi Mao,360
613457,求爱嫁期,142,2014,2014/5/16,爱情,2D,中国,17669,宋豪辉 Francis Sung,7414,林申 Shen Lin,1877157,童蕾 Lei Tong,382
626129,林中小屋,141,2014,2014/2/14,爱情,2D,中国,1888315,邓特希 Gary Tang,2178339,李昕岳 Xin-yue Li,1877268,杜奕衡 Mark.Du,396
628824,黄克功案件,159,2014,2014/12/4,剧情/历史,2D,中国,2024673,王放放 Fangfang Wang,20818,王凯 Kai Wang,1867286,毛孩 Hai Mao,227
613459,三小强,158,2014,2014/4/4,动画,2D,中国,1867931,傅燕 Yan Fu,2009772,刘沛 LiuPei?(voice),2193091,柯德涛 Detao Ke?(voice),232
614359,完美超越,157,2014,2014/1/5,喜剧,2D,中国,2191111,尹博 Bo Yin,2191114,王茂蕾 Maolei Wang,2191115,牟星 Xing Mo,233
611200,兰亭,156,2014,2014/3/8,爱情/战争,2D,中国,729,肖风 Feng Xiao,2189370,段凤娇 Feng Jiao Duan,17696,凌霄 Hsiao Ling,236
628118,香气,155,2014,2014/8/15,爱情,2D,中国,2178927,曾翠珊 Tsang Tsui-Shan,2177141,陈燃 Ran Chen,2201635,安琥 Hu An,239
627009,心咒,154,2014,2014/5/23,惊悚/恐怖,2D,中国,2194576,李唯 Weijie Li,2177184,徐洁儿 Jill Hsu,2194577,刘芷汐 Liu Zhi Xi,243
616548,北回归线,153,2014,2014/10/17,爱情/喜剧,2D,中国,1860672,郭爽 Shuang Gou,1877362,黄龄 Isabelle,1948540,吴昕 Xin Wu,247
626598,硬汉奶爸,151,2014,2014/4/11,喜剧/家庭/亲情,2D,中国,2181276,李奥 Ao Li,1865688,刘芸 Yun Liu,2181221,王一鸣 Yi-ming Wang,274
626986,唐家山之恋,169,2014,2014/6/17,纪实/传记,2D,中国,2187388,明振江 Zhengjiang Ming,3137,李雪健 Xuejian Li,1869201,陶慧敏 Huiming Tao,197
615131,放手爱,168,2014,2014/4/30,爱情,2D,中国,14321,张敏 Aman Chang,3784,杜汶泽 Chapman To,2187563,洛诗 Alice,199
613819,怒放之青春再见,167,2014,2014/1/10,歌舞/爱情/青春,2D,中国,2177528,Gengxu Lu,4654,吕聿来 Yulai Lu,1867303,秦昊 Qin Hao,203
626350,一号目标,166,2014,2014/5/23,动作/悬疑/剧情,2D,中国,13924,翟俊杰 Junjie Zhai,1869125,孙维民 Weimin Sun,1865838,刘小锋 Xiaofeng Liu,205
611557,我是狼之火龙山大冒险,165,2014,2014/5/31,动画,2D,中国,2022431,于胜军 Sheng-jun Yu,1865918,刘璇 Xuan Liu?(voice),1866122,薛佳凝 Jianing Xue?(voice),207
627025,匆匆那些年,163,2014,2014/12/4,爱情/青春,2D,中国,1863727,金沙 King Sarr,2022653,鲁昕儿 Xiner Lu,2176591,王一 Yi Wang,213
589810,忘了去懂你,162,2014,2014/8/29,爱情/家庭,2D,中国,2013834,权聆 QuanLing,6138,郭晓冬 Xiaodong Guo,2022639,王紫逸 Ziyi Wang,213
629000,摩登森林之美食总动员,161,2014,2014/9/5,动画,2D,中国,2205905,舒展 Zhan Shu,2205906,倪春佳 Chunjia Ni?(voice),2186484,杨鸥 Ou Yang?(voice),217
618962,江南爱情故事,179,2014,2014/2/14,爱情,3D,中国,2183399,任鹏 Peng Ren,2018538,沈涛 Tao Shen,2024384,张恩齐 Enqi Zhang,123
614086,镇海保卫战,178,2014,2014/5/30,战争/历史,2D,中国,1867226,张鑫 Xin Zhang,1106,邬倩倩 Qianqian Wu,1877268,杜奕衡 Mark.Du,126
630081,斐济99℃爱情,177,2014,2014/11/21,爱情/喜剧,2D,中国,2211447,陶生 Sheng Tao,1865934,姚星彤 Anna Yao,2211446,赵多娜 Duo Na Zhao,127
628128,破局,175,2014,2014/7/11,爱情/剧情/犯罪,2D,中国,18582,李作楠 Tso Nam Lee,1867495,车晓 Xiao Che,1865764,李强 Qiang Li,147
628999,狙击时刻,174,2014,2014/10/24,动作/犯罪/悬疑,2D,中国,1862462,杨江 Jiang Yang,2207204,杨钧丞 Juncheng Yang,2021569,王仲欣 Kara Wong,167
612422,21岁派对,171,2014,2014/11/21,喜剧,2D,中国/美国,464803,乔恩・卢卡斯 Jon Lucas,2187229,迈尔斯・特勒 Miles Teller,235459,斯盖拉・阿斯丁 Skylar Astin,175
573566,我们毕业的夏天,182,2014,2014/8/29,爱情/喜剧,2D,中国,1865933,喻瀚湫 Hanqiu Yu,1878311,吴建飞 Jianfei Wu,1865890,大张伟 Wowkie Zhang,105
627857,风云1927,181,2014,2014/5/23,战争/历史,2D,中国,1865861,张玉中 Yuzhong Zhang,1866292,丁柳元 Liuyuan Ding,1903935,王晖 Hui Wang,108
617813,微爱之渐入佳境,20,2014,2014/12/24,爱情/喜剧,2D,中国,432,顾长卫 Changwei Gu,2022988,陈赫 He Chen,1903632,张鲁一 Edward Zhang,28636
617329,小时代3：刺金时代,10,2014,2014/7/17,爱情/青春,2D,中国,1877315,郭敬明 Jingming Guo,2018732,柯震东 Zhendong Ke,1878021,郭采洁 Amber Kuo,52157
615430,澳门风云,9,2014,2014/1/31,动作/警匪,2D,中国/中国香港,15321,王晶 Jing Wong,1743,谢霆锋 Nicholas Tse,1865733,景甜 Tian Jing,52490
619144,匆匆那年,8,2014,2014/12/5,爱情/青春,2D,中国,27,张一白 Yibai Zhang,2024207,倪妮 Ni Ni,2185167,郑恺 Kai Zheng,58849
625897,后会无期,7,2014,2014/7/24,爱情/公路/文艺,2D,中国,1877325,韩寒 Han Han,31,陈柏霖 Berlin Chen,1904812,陈乔恩 Joe Chan,62882
618253,分手大师,6,2014,2014/6/27,喜剧/爱情,2D,中国,5302,邓超 Chao Deng,4798,孙俪 Betty Sun,2202235,梁超 Chao Liang,66545
619293,爸爸去哪儿,5,2014,2014/1/31,纪实/真人秀/亲情,2D,中国,2192662,谢涤葵 Dikui Xie,2190723,王诗龄 Angela,2190724,郭子睿 Patrick,69684
613812,智取威虎山3D,4,2014,2014/12/23,动作/战争/冒险,3D,中国/中国香港,1200,徐克 Hark Tsui,323,梁家辉 Tony Leung,2022899,林更新 kenny Lin,88286
589349,西游记之大闹天宫,3,2014,2014/1/31,魔幻/动作/爱情,3D/IMAX,中国/中国香港,113,郑保瑞 Soi Cheang,1576,周润发 Yun-Fat Chow,8615,郭富城 Aaron Kwok,104560
618111,心花路放,2,2014,2014/9/30,喜剧/爱情/公路,2D/IMAX,中国,3337,宁浩 Hao Ning,94,徐峥 Zheng Xu,1871,袁泉 Quan Yuan,117003
596734,危情营救,167,2013,2013/1/12,动作/犯罪,2D,中国,2009878,段国云 DuanGuoYun,4533,王姬 Ji Wang,2180746,高丽雯 Liwen Gao,102
614304,暴躁天使,160,2013,2013/11/22,爱情/励志,2D,中国,1866028,赵晔 Ye Zhao,2185231,黄孝传 Hwong Charles Shao-Chuang,2180461,李治中 Zhizhong Li,127
608234,西柏坡2：王二小,150,2013,2013/4/28,动画,2D,中国,2177499,袁淑梅 Shumei Yuan,7231,李杨 Yang Li?(voice),1948541,董浩 Hao Dong?(voice),171
596429,花漾,140,2013,2013/9/6,爱情/古装/动作,2D,中国/中国台湾,39833,周美玲 Zero Chou,1903083,陈妍希 Michelle Chen,9903,吴君如 Sandra Ng,218
616528,初恋未满,139,2013,2013/7/4,爱情/青春,2D,中国,2186199,刘娟 Juan Liu,2183746,冉旭 Xu Ran,2183594,代旭 Xu Dai,226
617159,早见，晚爱,137,2013,2013/7/19,爱情,2D,中国,16388,刘国昌 Lawrence Ah Mon,1866067,童瑶 Yao Tong,1867700,白羽 Yu Bai,244
609600,啊朋友还钱,135,2013,2013/12/13,喜剧,2D,中国,2179241,卫捷 Jie Wei,1860150,焦恩俊 Vincent Chiao,1865874,胡可 Ke Hu,253
608116,蝙蝠别墅,134,2013,2013/9/30,惊悚/悬疑,2D,中国,2014698,黄明升 Huang Ming Shen,1862331,邓紫衣 Ziyi Deng,2187969,段黄巍 David,256
616718,少女灵异日记,133,2013,2013/11/11,惊悚,2D,中国,1866688,许斌 Bin Xu,2608,冯波 Bo Feng,3303,周野芒 Yemang Zhou,259
596965,冷瞳,132,2013,2013/10/31,惊悚/悬疑,2D,中国,33189,蒋国权 Kwang Che Ching,2012932,周秀娜 Chrissie Chau,2174718,张诗絮 katherine,285
618532,中国好声音之为你转身,131,2013,2013/12/27,歌舞/纪实,2D,中国,2188033,蔡于位 Yuwei Cai,2181253,吴莫愁 MoMo Wu,2185447,张玮 Theway,302
611324,隔窗有眼,149,2013,2013/8/28,惊悚/惊秫/悬疑,2D,中国,137,刘奋斗 Fendou Liu,2178470,乌达木 Damu Wu,2178471,小麦 Mai Xiao,175
596789,不肯去观音,148,2013,2013/7/26,纪实/历史,2D,中国,1867226,张鑫 Xin Zhang,154586,中泉英雄 Hideo Nakaizumi,174,斯琴高娃 Siqin gaowa,178
610050,暴走吧，女人,146,2013,2013/3/8,爱情/冒险/励志,2D,中国,2178758,董董 Dong Dong,2178335,李斯丹妮 Dany Lee,1903428,刘添月 Tianyue Liu,199
617189,诡拼车,145,2013,2013/11/8,惊悚,2D,中国,358,张力 Li Zhang,13351,倪景阳 Jingyang Ni,7936,连凯 Andrew Lien,201
595213,萧红,144,2013,2013/3/8,爱情,2D,中国,2355,霍建起 Jianqi Huo,1163,黄觉 Jue Huang,1865781,张博 Bo Zhang,203
615230,杨光的快乐生活,143,2013,2013/2/26,喜剧,2D,中国,3289,杨溢 Yi Yang,1867819,高军 Jun Gao,358,张力 Li Zhang,207
615788,梦幻岛,142,2013,2013/3/29,爱情,2D,中国,2178017,王鸣飞 Mingfei Wang,2178016,栗思涵 Sihan Huo,9897,肖明 Ming Xiao,209
611718,爱爱迨,141,2013,2013/8/2,爱情/喜剧/青春,2D,中国/中国台湾,2022442,关尔 Er Guan,2176591,王一 Yi Wang,2176592,莫熙儿 Winnie,212
610046,功夫战斗机,159,2013,2013/11/15,动作,2D,中国,1866951,陈天星 Tianxing Chen,2175717,柳海龙 Hai Long Liu,2181136,王琳娜 Lin-na Wang,131
610087,三月情流感,158,2013,2013/3/1,爱情/喜剧,2D,中国,1866323,谢鸣晓 Mingxiao Xie,1865483,陈洁 Jie Chen,2011486,徐德亮 XuDeLiang,136
596419,小小飞虎队,155,2013,2013/1/25,动作/儿童/喜剧,2D,中国,657,黄建新 Jianxin Huang,1861191,张一山 Yishan Zhang,2175295,小叮咚 Dingdong Xiao,151
596038,公主的诱惑,154,2013,2013/10/25,爱情/青春/喜剧,2D,中国,2174762,黄肖英 XiaoYing Huang,3783,邓丽欣 Stephy Tang,2578,谢君豪 Kwan-Ho Tse,162
592690,柠檬,152,2013,2013/4/19,爱情/喜剧,2D,中国,3092,章家瑞 Jiarui Zhang,1863727,金沙 King Sarr,2023794,洪晓熙 Xiaoxi Hong,168
616712,听见下雨的声音,151,2013,2013/12/13,爱情/音乐,2D,中国/中国台湾,1865202,方文山 Wenshan Fang,2184529,韩雨洁 Yu-jie Han,14678,徐若u Vivian Hsu,171
608248,绑架大明星,166,2013,2013/8/2,喜剧,2D,中国,2014389,张加贝 ZhangJiaBei,6592,杨恭如 Kristy Yang,1948444,杜海涛 Haitao Du,104
617393,小神来了,165,2013,2013/8/15,喜剧/家庭/儿童,2D,中国,1867043,杜鹏 Peng Du,2009905,柳岩 Yan Liu,1903488,钱枫 Feng Qian,105
618187,盗剑72小时,164,2013,2013/9/30,喜剧/冒险/悬疑,2D,中国,1875953,徐捷 Jie Xu,13812,周平 Ping Zhou,2187521,叶鹏子 Pengzi Ye,108
617278,玛德2号,163,2013,2013/8/9,喜剧/家庭,2D,中国/中国香港/中国台湾,38157,朱家麟 Ga Lun Jue,14678,徐若u Vivian Hsu,2185576,阿端 A Duan,117
596097,高铁英雄,162,2013,2013/8/16,动画,2D,中国,2186481,吴治邦 Zhi Bang Wu,2177849,夏磊 Lei Xia?(voice),2186482,王晓彤 Xiao Tong Wang?(voice),119
617699,爱别离,161,2013,2013/9/18,爱情,2D,中国/中国台湾,1862756,吴林 Ng Lam,2186457,黄阅 Yue Huang,2186458,卓予童 Yutong Zhuo,124
612232,变形金刚4：绝迹重生,1,2014,2014/6/27,科幻/动作/冒险,3D/IMAX,中国/美国,73010,迈克尔・贝 Michael Bay,236169,妮可拉・佩尔茨 Nicola Peltz,2186736,斯坦利・图齐 Stanley Tucci,197757
616513,归来,19,2014,2014/5/16,爱情/传记,2D/IMAX,中国,1947,张艺谋 Yimou Zhang,408,巩俐 Li Gong,2199772,张慧雯 Huiwen Zhang,29147
612127,窃听风云3,18,2014,2014/5/29,动作/犯罪/惊悚/悬疑,2D/IMAX,中国/中国香港,7923,麦兆辉 Siu Fai Mak,595,刘青云 Ching Wan Lau,1162,吴彦祖 Daniel Wu,30823
618441,亲爱的,17,2014,2014/9/25,剧情/家庭,2D,中国/中国香港,6239,陈可辛 Peter Chan,3341,黄渤 Bo Huang,1370,佟大为 Dawei Tong,34469
612123,白发魔女传之明月天国,16,2014,2014/7/31,动作/武侠/古装,2D/3D/IMAX,中国,669,张之亮 Jacob Cheung,6904,黄晓明 Xiaoming Huang,14522,赵文卓 Vincent Zhao,38916
614577,北京爱情故事,15,2014,2014/2/13,爱情,2D,中国/中国香港,1865864,陈思诚 Sicheng Chen,323,梁家辉 Tony Leung,321,刘嘉玲 Carina Lau,40553
612739,京城81号,14,2014,2014/7/18,惊悚/剧情/悬疑,3D,中国,6214,叶伟民 Wai Man Yip,14318,林心如 Ruby Lin,12022,杨v宁 Tony Yang,41217
615487,敢死队3,13,2014,2014/9/1,动作/惊悚/冒险,IMAX,中国/美国,721880,派特里克・休斯 Patrick Hughes,100427,西尔维斯特・史泰龙 Sylvester Stallone,3424,李连杰 Jet Li,45329
609338,同桌的,12,2014,2014/4/25,爱情/青春,2D,中国,2013197,郭帆 Frant Gwo,2022899,林更新 kenny Lin,2023112,隋凯 Michael Stephen Kai,45574
625695,一步之遥,11,2014,2014/12/18,喜剧/歌舞/爱情,3D/IMAX,中国/中国香港,610,姜文 Wen Jiang,11494,周韵 Yun Zhou,5661,舒淇 Hsu Chi,51495
597203,全城高考,130,2013,2013/2/5,喜剧/爱情/青春,2D,中国,16220,钟少雄 Billy Cheung,2175509,乔乔 Qiao Qiao,2023320,谭杰希 Jaki Tan,332
613096,禁忌游戏之迷藏,120,2013,2013/10/11,惊悚/恐怖,2D,中国,2179577,宋胤熹 Martion,2176118,王海祥 Ocean Wang,2179578,念贤儿 Nian Xian Er,380
611817,大叔，我爱你,110,2013,2013/1/11,爱情/喜剧,2D,中国,2178406,胡崇曦 Chongxi Hu,2178407,付梦妮 Mini,2022876,郭美孜 Lisa Guo,476
590327,爱情银行,100,2013,2013/3/14,爱情,2D,中国,939,曲江涛 Jiangtao Qu,2176036,周泓 Hong Zhou,2177184,徐洁儿 Jill Hsu,536
610355,爱情不NG,90,2013,2013/2/10,喜剧/爱情,2D,中国,3165,朱时茂 Shimao Zhu,1862431,李小冉 Xiaoran Li,1947899,余少群 Shaoqun Yu,723
612957,回到爱开始的地方,80,2013,2013/8/23,爱情,2D,中国/中国台湾,2185633,林孝谦 Hsiao-Chien Lin,1903093,刘诗诗 Cecilia Liu,1865688,刘芸 Yun Liu,1109
617257,昆塔・盒子总动员,70,2013,2013/8/2,动画,2D/3D,中国,2185227,李炼 Li Lian,2177254,狄菲菲 Feifei Di?(voice),2185229,张云翼 Yun-yi Zhang?(voice),1718
596069,魁拔之大战元泱界,60,2013,2013/5/31,动画,3D,中国,1746107,王川 Chuan Wang,2188526,刘露 Liu Lu?(voice),20818,王凯 Kai Wang?(voice),2530
609005,控制,50,2013,2013/11/22,动作/悬疑/犯罪,2D,中国/中国香港/中国台湾,25573,毕国智 Kenneth Bi,1866285,姚晨 Yao Chen,26185,王馨平 Linda Wong,4363
608215,笑功震武林,40,2013,2013/3/8,喜剧/动作,2D,中国/中国香港,15321,王晶 Jing Wong,2771,洪金宝 Sammo Hung,2577,曾志伟 Eric Tsang,7022
612121,逃出生天3D,30,2013,2013/9/30,动作/冒险,2D/3D,中国/中国香港,16120,彭发 Danny Pang,595,刘青云 Ching Wan Lau,1865864,陈思诚 Sicheng Chen,13309
611580,非常幸运,29,2013,2013/9/17,爱情/冒险/喜剧,2D,中国/澳大利亚,352856,邓尼・戈登 Dennie Gordon,10221,王力宏 LeeHom Wang,1866285,姚晨 Yao Chen,13712
612420,分手合约,20,2013,2013/4/12,爱情,2D,中国/韩国,152188,吴基桓 Ki-hwan Oh,8663,彭于晏 Eddie Peng,22721,吴佩慈 Pace Wu,19285
614346,风暴,10,2013,2013/12/12,动作/警匪,2D/3D,中国/中国香港,949,袁锦麟 Alan Yuen,1866285,姚晨 Yao Chen,2187120,林家栋 Ka Tung Lam,30828
614305,小时代,9,2013,2013/6/27,爱情/青春,2D,中国,1877315,郭敬明 Jingming Guo,2018732,柯震东 Zhendong Ke,1878021,郭采洁 Amber Kuo,48478
596800,北京遇上西雅图,8,2013,2013/3/21,爱情/喜剧,2D,中国/中国香港,4291,薛晓路 Xiao Lu Xue,2248343,吴秀波 Wu Xiubo,1868057,海清 Christina,51975
613384,警察故事2013,7,2013,2013/12/24,动作/警匪,3D/IMAX,中国/中国香港,14253,丁晟 Sheng Ding,953,刘烨 Ye Liu,1865733,景甜 Tian Jing,53439
610867,中国合伙人,6,2013,2013/5/17,爱情/励志/青春,2D,中国/中国香港,6239,陈可辛 Peter Chan,5302,邓超 Chao Deng,1370,佟大为 Dawei Tong,53880
591779,狄仁杰之神都龙王,5,2013,2013/9/28,动作/古装/悬疑,3D/IMAX,中国,1200,徐克 Hark Tsui,1903012,冯绍峰 Shaofeng Feng,2022899,林更新 kenny Lin,60079
610928,私人订制,4,2013,2013/12/19,喜剧/贺岁,2D,中国/中国香港,455,冯小刚 Xiaogang Feng,1903494,白百何 Fay Bai,36,李小璐 Xiaolu Li,71381
596973,致我们终将逝去的青春,3,2013,2013/4/26,爱情/青春,2D,中国,1374,赵薇 Vicki Zhao,1903300,韩庚 Han Geng,1877772,杨子姗 Zishan Yang,71918
346818,钢铁侠3,2,2013,2013/5/1,科幻/动作/冒险,3D/IMAX,中国/美国,217076,沙恩・布莱克 Shane Black,283494,格温妮丝・帕特洛 Gwyneth Paltrow,128876,唐・钱德尔 Don Cheadle,75487
589797,西游降魔篇,1,2013,2013/2/10,魔幻/喜剧/冒险,3D/IMAX,中国/中国香港,2231,郭子健 Chi-kin Kwok,5661,舒淇 Hsu Chi,1867085,文章 Zhang Wen,124699
592544,101次求婚,19,2013,2013/2/12,爱情,2D,中国/日本,1947946,陈正道 Zhengdao Chen,1368,林志玲 Chiling Lin,1888299,高以翔 Godfrey Gao,20001
608197,盲探,18,2013,2013/7/4,动作/惊悚/悬疑,2D,中国/中国香港,2074,杜琪峰 Johnny To,1160,郑秀文 Sammi Cheng,141,郭涛 Tao Guo,21096
612120,扫毒,17,2013,2013/11/29,动作/犯罪/警匪,2D,中国/中国香港,948,陈木胜 Benny Chan,595,刘青云 Ching Wan Lau,956,张家辉 Nick Cheung,23788
566774,无人区,16,2013,2013/12/3,动作/公路/西部,2D,中国,3337,宁浩 Hao Ning,2414,余男 Nan Yu,3341,黄渤 Bo Huang,25959
610462,厨子戏子痞子,15,2013,2013/3/29,喜剧/战争/动作,2D,中国,12276,管虎 Hu Guan,953,刘烨 Ye Liu,5306,张涵予 Hanyu Zhang,27278
610950,不二神探,14,2013,2013/6/21,喜剧/动作/悬疑,2D,中国/中国香港,1866198,王子鸣 Ziming Wang,3424,李连杰 Jet Li,1903093,刘诗诗 Cecilia Liu,28401
573880,一代宗师,13,2013,2013/1/8,动作/传记,2D/IMAX,中国/中国香港,316,王家卫 Kar Wai Wong,7887,章子怡 Ziyi Zhang,1365,张震 Zhen Zhang,28924
616735,小时代：青木时代,12,2013,2013/8/8,爱情/青春,2D,中国/中国台湾,1877315,郭敬明 Jingming Guo,1878021,郭采洁 Amber Kuo,2018732,柯震东 Zhendong Ke,29654
593283,天机・富春山居图,11,2013,2013/6/9,动作/冒险,3D,中国/中国香港,1866092,孙健君 Jianjun Sun,1368,林志玲 Chiling Lin,1370,佟大为 Dawei Tong,30032
595606,毒战,28,2013,2013/4/2,动作/惊悚/犯罪,2D,中国/中国香港,2074,杜琪峰 Johnny To,1210,孙红雷 Honglei Sun,1166,黄奕 Yi Huang,14696
616427,被偷走的那五年,27,2013,2013/8/29,爱情/青春,2D,中国,15197,黄真真 Babara Wong,39740,张孝全 Hsiao-chuan Chang,1859809,范玮琪 Christine,14913
612627,快乐到家,26,2013,2013/1/15,喜剧/贺岁,2D,中国,27595,傅华阳 Huayang Fu,1888516,谢娜 Nana Xie,1948539,李维嘉 Vega Ri,15360
608149,特殊身份,25,2013,2013/10/18,动作/犯罪,2D,中国,15300,霍耀良 Clarence Fok Yiu-leung,1865733,景甜 Tian Jing,8449,安志杰 Andy On,15527
592438,云图,24,2013,2013/1/31,科幻/惊悚/悬疑,2D,中国/中国香港/美国/德国/新加坡,107983,汤姆・提克威 Tom Tykwer,46308,哈莉・贝瑞 Halle Berry,121217,吉姆・布劳德本特 Jim Broadbent,17020
613854,一夜惊喜,23,2013,2013/8/9,爱情/喜剧,2D,中国/中国香港,9464,金依萌 Eva Jin,2010750,李治廷 Aarif Lee,22721,吴佩慈 Pace Wu,17251
610952,四大名捕2,22,2013,2013/12/6,动作/悬疑/古装,2D/3D,中国,12428,陈嘉上 Gordon Chan,3449,刘亦菲 Yifei Liu,5302,邓超 Chao Deng,17423
612672,全民目击,21,2013,2013/9/13,惊悚/悬疑/犯罪,2D,中国,2014701,非行 Fei Xing,8615,郭富城 Aaron Kwok,2414,余男 Nan Yu,18119
617190,我爱灰太狼2,39,2013,2013/8/1,动画,2D,中国,2187845,叶凯 Kai Ye,1869770,王智 Zhi Wang?(voice),2185142,蔡景森 Jing Sen Cai?(voice),7551
615635,赛尔号大电影3之战神联盟,38,2013,2013/7/12,动画,3D,中国,2178983,王章俊 Zhang Jun Wang,2181012,张安琪 An Qi Zhang?(voice),2177850,樊俊航 Jun-hang Fan?(voice),7644
615471,等风来,37,2013,2013/12/31,爱情/文艺/公路,2D,中国,1862517,滕华涛 Huatao Teng,1903036,井柏然 Boran Jing,11056,刘雅瑟 Yase Liu,7965
613961,笔仙Ⅱ,36,2013,2013/7/16,惊悚/悬疑,2D,中国,2176032,安兵基 Byeong-ki Ahn,2178509,辛芷蕾 Zhi-lei Xin,2186190,张皓然 Haoran Zhang,8217
617267,我想和你好好的,35,2013,2013/10/12,爱情,2D,中国,2185440,李蔚然 Weiran Li,2024207,倪妮 Ni Ni,2187996,钮宝平 Baoping Niu,8774
592255,大明猩,34,2013,2013/7/18,喜剧/运动,3D,中国/韩国,929463,金容华 Yong-hwa Kim,1941716,成东日 Dong-ill Sung,152269,金康宇 Kang-woo Kim,11285
614568,激战,33,2013,2013/8/16,动作,2D,中国/中国香港,15795,林超贤 Dante Lam,8663,彭于晏 Eddie Peng,4622,梅婷 Ting Mei,11793
612885,天台爱情,32,2013,2013/7/11,歌舞/爱情/动作,2D,中国/中国香港/中国台湾,1893,周杰伦 Jay Chou,1877399,柯有伦 Alan Kuo,2060,王学圻 Xueqi Wang,11985
613467,喜羊羊与灰太狼之喜气羊羊过蛇年,31,2013,2013/1/24,动画,2D,中国,2176630,简耀宗 William Kan,810299,梁颖 Ying Liang?(voice),14644,张琳 Lin Zhang?(voice),12494
589509,神奇,49,2013,2013/9/30,动作/运动/爱情/科幻/励志,2D/3D,中国,6310,胡雪桦 Sherwood Hu,1878021,郭采洁 Amber Kuo,1941993,金雅中 Ah-jung Kim,4597
614154,巴啦啦小魔仙,48,2013,2013/1/31,魔幻/冒险/儿童,2D,中国,2187845,叶凯 Kai Ye,2180556,袁奇峰 Qifeng Yuan,2377,王蕙 Hui Wang,5177
612621,宫锁沉香,47,2013,2013/8/13,爱情/古装,2D,中国,1866133,潘安子 Anzi Pan,2185166,陈晓 Xiao Chen,1903030,朱梓骁 Zixiao Zhu,5449
614660,潜艇总动员3：彩虹宝藏,46,2013,2013/5/31,动画,2D,中国,2183123,何子力 Zili He,2183125,洪天海 Tian Hai Hong?(voice),2183126,谭满堂 Man Tang Tan?(voice),5754
615152,周恩来的四个昼夜,44,2013,2013/7/16,纪实/传记/历史,2D,中国,14671,陈力 Li Chen,2219,郝岩 Yan Hao,3956,何伟 Wei He,5941
614593,百星酒店,45,2013,2013/2/1,喜剧,2D,中国/中国香港,11253,谷德昭 Vincent Kok,553,黄百鸣 Bak-Ming Wong,3784,杜汶泽 Chapman To,5830
595180,忠烈杨家将,43,2013,2013/4/4,动作/古装/战争,2D,中国/中国香港,4794,于仁泰 Ronny Yu,3426,郑少秋 Adam Cheng,11137,郑伊健 Ekin Cheng,6182
616113,摩登年代,42,2013,2013/8/23,喜剧/爱情,2D,中国,2024679,邵晓黎 Xiaoli Shao,2022678,张子枫 Wendy,2016247,张颂文 Zhang Song Wen,6845
596555,太极侠,59,2013,2013/7/5,动作/冒险/武侠,2D/IMAX,中国/美国,80099,基努・里维斯 Keanu Reeves,7447,莫文蔚 Karen Mok,8620,于海 Hai Yu,2757
617176,青春派,58,2013,2013/8/2,爱情/青春,2D,中国,2567,刘杰 Jie Liu,91,秦海璐 Hailu Qin,1903192,咏梅 Mei Yong,2813
613462,超级经纪人,57,2013,2013/9/6,爱情/都市,2D,中国/中国香港,19569,冯志强 Chi Keung Fung,1744,蔡卓妍 Charlene Choi,1860380,高云翔 Yunxiang Gao,2884
614536,越来越好之村晚,56,2013,2013/2/10,喜剧/贺岁,2D,中国,27,张一白 Yibai Zhang,2036,王宝强 Baoqiang Wang,1866377,王珞丹 Luodan Wang,3002
614334,我爱的是你爱我,55,2013,2013/11/8,爱情,2D,中国,2022089,马志宇 MaZhiYu,5306,张涵予 Hanyu Zhang,1867435,朱丹 Dan Zhu,3029
613553,白狐,54,2013,2013/9/28,魔幻/爱情,3D,中国,1903857,牛朝阳 Chaoyang Niu,1750,惠英红 Kara Hui,1865337,高虎 Hu Gao,3154
612655,在一起,53,2013,2013/2/12,爱情,2D,中国/中国香港,15300,霍耀良 Clarence Fok Yiu-leung,32548,杨颖 Angela Baby,1903083,陈妍希 Michelle Chen,3228
596088,辛巴达历险记2013,51,2013,2013/5/31,动画,2D,中国,2183543,程炳峰 Bingfeng Cheng,1863452,黄莺 Aau Wong?(voice),2181015,杨梦露 Meng Lu Yang?(voice),4022
618380,诡婴吉咪,68,2013,2013/10/31,惊悚,3D,中国,18833,梁普智 Po-Chih Leong,2183335,盛君 Jun Sheng,2023598,吴千语 Karena Ng,1819
611576,电梯惊魂,67,2013,2013/2/22,惊悚/惊秫,2D,中国,1865827,宁敬武 Ning Jingwu,2012932,周秀娜 Chrissie Chau,2578,谢君豪 Kwan-Ho Tse,2221
609644,同谋,66,2013,2013/4/27,惊悚/悬疑/动作/惊秫,2D,中国/中国香港,16123,彭顺 Oxide Pang Chun,956,张家辉 Nick Cheung,1865654,江一燕 Yiyan Jiang,2258
589743,一场风花雪月的事,65,2013,2013/8/8,爱情/动作/警匪,2D,中国,2573,高群书 Qunshu Gao,6904,黄晓明 Xiaoming Huang,792279,在熙 Hyun-kyoon Lee,2276
610627,圣诞玫瑰,64,2013,2013/5/24,惊悚/犯罪/悬疑,2D,中国/中国香港,325,杨采妮 Charlie Yeung,8661,桂纶镁 Lun-mei Guey,8661,桂纶镁 Lun-mei Guey,2349
615451,意外的恋爱时光,62,2013,2013/11/8,爱情/喜剧/公路,2D,中国,2181648,黎志 Zhi Li,1878021,郭采洁 Amber Kuo,2190384,于莎莎 Shasha Yu,2363
608213,叶问：终极一战,79,2013,2013/3/22,动作/传记,2D,中国/中国香港,1849,邱礼涛 Herman Yau,1909,陈小春 Jordan Chan,2577,曾志伟 Eric Tsang,1113
595639,女蛹,78,2013,2013/2/1,惊悚/悬疑/爱情,2D,中国,2179176,邱处机 Chu-ji Qiu,131,任泉 Quan Ren,42173,李威 Wei Lee,1192
615231,爱神,77,2013,2013/3/8,爱情,2D,中国,2024630,花明 Ming Hua,1867002,任重 Zhong Ren,38584,王子文 Fiona Wang,1212
614548,波鲁鲁冰雪大冒险,76,2013,2013/1/25,动画,3D,中国/韩国,2180872,朴英均 Yeong-gyun Park,2187954,李美子 Mi-ja Lee?(voice),2187955,郑美淑 Mi-suk Jeong?(voice),1220
612736,金刚王：死亡救赎,75,2013,2013/9/24,动作/武侠,3D,中国/中国香港,2094,罗永昌 Wing-cheong Law,1888510,南贤俊 Popin Hyeon-joon,2022993,释延能 Yanneng Shi,1271
614212,制服,74,2013,2013/10/29,惊悚,2D,中国,1874,王光利 Guangli Wang,14678,徐若u Vivian Hsu,1867134,颖儿 Jacoke Liu,1294
613476,201314,73,2013,2013/1/1,爱情,2D,中国,1866111,孔令晨 Lingchen Kong,2180917,金晨 Gina,1866163,牛群 Qun Niu,1325
617710,一路顺疯,72,2013,2013/9/29,喜剧,2D,中国,6214,叶伟民 Wai Man Yip,1903001,蒋梦婕 Mengjie Jiang,1946,鲍起静 Hee Ching Paw,1425
615767,咒丝,89,2013,2013/7/5,惊悚,2D,中国,1866021,赵小鸥 Xiaoou Zhao,1903145,翟文斌 Zak,2179374,孔千千 Qian-qian Kong,744
611357,我的男男男男朋友,88,2013,2013/11/15,爱情/喜剧/浪漫/都市,2D,中国,16331,赵崇基 Sung Kee Chiu,1888516,谢娜 Nana Xie,1859784,李承铉 Chengxuan Li,780
616145,临终迨,87,2013,2013/5/16,惊悚/喜剧,2D,中国,1862273,钱江汉 Chin Cub,31900,文咏珊 Janice Man,15784,詹瑞文 Sui-man Chim,782
612702,校花诡异事件,86,2013,2013/7/12,惊悚/恐怖/灵异,2D,中国,2022442,关尔 Er Guan,2176591,王一 Yi Wang,2022586,陈美行 Meixing Chen,801
596765,愤怒的小孩,85,2013,2013/1/29,喜剧,2D,中国,2180732,黄雷 Huang Lei,2181222,肖逾榛 Yuzhen Xiao,1971,陶泽如 Zeru Tao,845
612772,逆光飞翔,84,2013,2013/6/8,爱情,2D,中国,41859,张荣吉 Rong-ji Chang,40044,张榕容 Yung-yung Chang,39541,李烈 Lieh Li,889
590372,绿林大冒险,83,2013,2013/1/19,动画,2D/3D,中国,2193806,徐克 Xu Ke,2181012,张安琪 An Qi Zhang?(voice),2177848,王肖兵 Xiao Bing Wang?(voice),931
610839,杀戒,82,2013,2013/6/9,爱情/悬疑,2D,中国,2181600,竹卿 Zhu Qing,2024207,倪妮 Ni Ni,1902977,王迅 Xun Wang,948
615855,古镇凶灵之巫咒缠身,81,2013,2013/9/6,惊悚,2D,中国,1862805,刘辉 Lau Fai,2182507,蒋松 Song Jiang,8862,郝洋 Yang Hao,1064
596648,午夜微博,99,2013,2013/3/1,惊悚,2D,中国,2023238,邓科 DengKe,1860145,唐禹哲 Danson Tang,1948249,刘羽琦 Yuqi Liu,537
614325,金太狼的幸福生活,98,2013,2013/4/12,爱情/喜剧,2D,中国,2838,李爽 Shuang Li,2022896,潘之琳 Feeling Pan,1859994,姚芊羽 Qianyu Yao,561
616714,圣龙奇兵大冒险,97,2013,2013/6/10,动画,2D,中国,2183913,马系海 Xi Hai Ma,14644,张琳 Lin Zhang?(voice),2020625,高全胜 Quansheng Gao?(voice),571
614829,猎仇者,96,2013,2013/11/1,惊悚/悬疑/犯罪,2D,中国,2180772,伏羲 Xi Fu,955,樊少皇 Siu-Wong Fan,1862331,邓紫衣 Ziyi Deng,581
616252,一路狂奔,94,2013,2013/5/24,喜剧,2D,中国,1874368,王钧 Jun Wang,2176571,潘斌龙 Bing-long Pan,1868111,何炅 Jiong He,588
595235,午夜火车,93,2013,2013/3/8,惊悚,2D,中国,1862383,张江南 Jiangnan Zhang,1868257,李宗翰 Calvin Li,1750,惠英红 Kara Hui,679
608944,一座城池,92,2013,2013/9/18,喜剧/青春,2D,中国,2012677,孙渤涵 SunBoHan,2019643,王太利 Taili Wang,2186589,黄s怡 Jingyi Huang,688
612087,暗恋99天,91,2013,2013/1/11,爱情,2D,中国,33611,火火 Ka Wing Lee,3783,邓丽欣 Stephy Tang,17076,森美 Sammy Leung,703
614213,步步追魂,109,2013,2013/11/15,惊悚/悬疑,3D,中国,1794,江澄 Cheng Jiang,1948769,谭卓 Zhuo Tan,1904904,徐婕儿 Jill Hsu,479
618533,冲锋战警,108,2013,2013/11/1,动作/犯罪,2D,中国/中国香港,12194,罗守耀 Dennis Law,8452,李璨琛 Sam Lee,2176,邵美琪 Maggie Shiu,492
612577,爸爸妈妈复婚记,103,2013,2013/9/18,剧情/家庭,2D,中国,2250,杨亚洲 Yazhou Yang,34330,刘莉莉 Lili Liu,2240937,于震寰 Zheng-huan Yu,506
616515,我为相亲狂,102,2013,2013/11/1,爱情/喜剧,2D,中国,1877327,韩晶 Beibei,1948444,杜海涛 Haitao Du,2185671,谢依霖 Sie Yi-Lin,517
594163,铁血娇娃,101,2013,2013/11/1,动作/冒险,3D,中国,27595,傅华阳 Huayang Fu,2414,余男 Nan Yu,2022993,释延能 Yanneng Shi,522
596592,粉红女郎之爱人快跑,119,2013,2013/8/23,爱情,2D,中国,2184672,伍宗德 Derek Wu,1903837,张馨予 Viann Zhang,2184674,刘凡菲 Fanfei liu,401
597096,甜心巧克力,118,2013,2013/11/8,爱情,2D,中国/日本,154624,筱原哲雄 Tetsuo Shinohara,27247,池内博之 Hiroyuki Ikeuchi,2189250,福地v介 Yusuke Fukuchi,413
617277,时光恋人,117,2013,2013/9/6,爱情/幻想,2D,中国,1866546,沈东 Dong Shen,1866900,立威廉 Leon Jay Williams,8662,方中信 Alex Fong,414
614757,人间蒸发,116,2013,2013/4/28,惊悚/悬疑,2D,中国,1856,梁德森 Tak-Sam Leong,2009905,柳岩 Yan Liu,8452,李璨琛 Sam Lee,433
617127,终极大冒险,115,2013,2013/7/20,动画,2D/3D,中国,1867912,孙立军 Lijun Sun,7430,韩童生 Tongsheng Han?(voice),1866430,李扬 Yang Li?(voice),447
595857,止杀令,114,2013,2013/3/22,动作/战争/历史,2D,中国,1865836,王坪 Ping Wang,5789,耿乐 Le Geng,1862431,李小冉 Xiaoran Li,451
617706,4B青年之4楼B座,113,2013,2013/9/10,喜剧/爱情,2D,中国,2009904,孙达 Da Sun,2186693,彭宇 Yu Peng,1861261,蒲巴甲 Bajia Pu,452
613518,大明劫,112,2013,2013/10/25,战争/古装,2D,中国,1866105,王竞 Jing Wang,14050,戴立忍 Leon Dai,2608,冯波 Bo Feng,453
596887,憨哥进城,111,2013,2013/2/17,爱情/农村/剧情,2D,中国,2022364,赵世磊 DiaoShiLei,99,方青卓 Qingzhuo Fang,6304,常蓝天 Lantian Chang,462
612734,模特魅影,129,2013,2013/7/26,惊悚/悬疑,2D,中国,2181277,佟秀玄 Xiuxuan Tong,1866659,杨骏 Jun Yang,18959,唐宁 Leila Tong,333
595767,北漂鱼,128,2013,2013/6/21,喜剧/青春/都市,2D,中国,1948099,余治林 TuChiLin,2183549,尼玛颂宋 Nimasongsong,6065,林子聪 Chi Chung Lam,333
592909,夜幕惊魂,127,2013,2013/6/9,惊悚/喜剧,2D,中国,2018539,丁小洋 Xiaoyang Ding,1888479,张翰 Han Zhang,3346,连晋 Teddy Lin,333
615840,迷魂之密室逃脱,126,2013,2013/12/28,惊悚,2D,中国,1862626,张帆 Fan Zhang,2022534,蓝燕 Leni Lan,2190152,赵楚仑 Chu-lun Zhao,346
595634,帝国秘符,125,2013,2013/9/18,动作/冒险,2D,中国,18582,李作楠 Tso Nam Lee,88,伊能静 Shizuka Inoh,1865874,胡可 Ke Hu,350
615831,大片,124,2013,2013/6/11,喜剧,2D,中国,2182660,向飞 Fei Xiang,36121,王宁 Ning Wong,2182570,边辉 Hui Bian,352
617126,诡魇,123,2013,2013/8/16,惊悚/悬疑,2D,中国,5418,车悦 Yue Che,2184504,裘斯 Si Qiu,2184505,周凯文 Kai Wen Zhou,357
590044,楼,122,2013,2013/3/28,惊悚/悬疑,2D,中国,6154,李远 Yuan Li,1758,谭耀文 Patrick Tam,1860516,陈司翰 Victor Chen,372
594393,光辉岁月,121,2013,2013/6/9,动作/冒险/爱情,2D,中国,2184534,熊欣欣 Xin Xin Xiong,16763,黄日华 Felix Wong,596,梁咏琪 Gigi Leung,377
596410,哭笑不得,170,2012,2012/8/23,喜剧,2D,中国,1864339,罗斌 Bun Law,1865417,萧蔷 Stephanie Xiao,2009905,柳岩 Yan Liu,102
612427,拯救第365天,160,2012,2012/8/10,动画,2D/3D,中国/美国/英国/新西兰,2179124,亓梅晓 Michelle Qi,2180127,刘红韵 Hong-yun Liu?(voice),14645,陈怡 Yi Chen?(voice),138
596275,四戒,150,2012,2012/6/8,喜剧,2D,中国,2023731,马侃 Kan Ma,1866001,冯雷 Lei Feng,2023732,江易珈 Yijia Jiang,166
611906,请叫我英雄,140,2012,2012/8/3,喜剧/爱情,2D,中国,2023704,傅咏 Yong Fu,1866120,乔任梁 Kimi,2172,林雪 Suet Lam,201
592893,玩命时光,130,2012,2012/12/31,动作/喜剧/魔幻/爱情,2D,中国,2193367,昂昂炫道 Ang Ang Xuan Dao,2015911,秦子越 Ziyue Qin,9968,罗家英 Kar-Ying Law,255
593829,喜酒,120,2012,2012/1/5,喜剧,2D,中国,2022082,伊卫军 YiWeiJun,1903628,赵熠洋 Yiyang Zhao,2024291,熊卫黎 Weili Xiong,316
590296,惊魂游戏,110,2012,2012/1/24,惊悚/悬疑,2D,中国,1865879,周耀武 Yaowu Zhou,10675,莫小棋 Monica Mok,7232,王双宝 Shuangbao Wang,395
594376,新妈妈再爱我一次,90,2012,2012/11/9,爱情,2D,中国,2022288,金世勋 JinShiXun,2185172,陆毅 Yi Lu,366670,郝好 Hao Hao,594
611571,青魇,80,2012,2012/7/6,惊悚/悬疑,2D,中国,1849,邱礼涛 Herman Yau,196491,黄轩 Xuan Huang,2022651,周楚楚 Chuchu Zhou,818
608245,伤心童话,70,2012,2012/9/14,爱情,2D,中国,2022532,徐正超 ZhengChao Xu,2174717,胡夏 Xia Hu,2014364,谢楠 Nan Xie,1147
596043,搞定岳父大人,60,2012,2012/8/3,喜剧,2D,中国,10074,李海蜀 Hai-shu Li,2171,许绍雄 Shiu Hung Hui,1868340,林鹏 Peng Lin,1771
610434,雨中的树,50,2012,2012/9/19,纪实/传记,2D,中国,13831,尹力 Yin Li,1866292,丁柳元 Liuyuan Ding,1866859,王成阳 Chengyang Wang,2392
589150,大武当之天地密码,40,2012,2012/7/6,动作/冒险/喜剧,2D,中国/中国香港,1560,梁柏坚 Patrick Leung,7415,杨幂 Mini Yang,955,樊少皇 Siu-Wong Fan,3796
595851,春娇与志明,30,2012,2012/3/30,爱情/喜剧,2D,中国/中国香港,15775,彭浩翔 Ho-Cheung Pang,7926,余文乐 Shawn Yue,7415,杨幂 Mini Yang,7060
610215,太极2英雄崛起,20,2012,2012/10/25,动作/冒险,2D/3D/IMAX,中国/中国香港,8660,冯德伦 Stephen Fung,8663,彭于晏 Eddie Peng,2179933,袁晓超 Xiao-chao Yuan,11844
590512,逆战,19,2012,2012/1/17,动作/犯罪,2D,中国/中国香港,15795,林超贤 Dante Lam,1743,谢霆锋 Nicholas Tse,1868340,林鹏 Peng Lin,12940
566084,环形使者,18,2012,2012/9/28,动作/科幻,2D,中国/美国,334624,莱恩・约翰逊 Rian Johnson,251682,约瑟夫・高登-莱维特 Joseph Gordon-Levitt,48407,布鲁斯・威利斯 Bruce Willis,12948
596052,爱,17,2012,2012/2/13,爱情,2D,中国/中国台湾,25641,钮承泽 Doze Niu,5661,舒淇 Hsu Chi,1904801,赵又廷 Mark Chao,13673
588879,白鹿原,16,2012,2012/9/15,剧情/历史,2D,中国,5563,王全安 Quanan Wang,8659,张雨绮 Kitty Zhang,407,张丰毅 Fengyi Zhang,14199
590269,太极1从零开始,15,2012,2012/9/27,动作/魔幻,2D/3D/IMAX,中国/中国香港,8660,冯德伦 Stephen Fung,32548,杨颖 Angela Baby,2179933,袁晓超 Xiao-chao Yuan,14732
611209,大上海,14,2012,2012/12/21,动作,2D,中国/中国香港,15321,王晶 Jing Wong,6904,黄晓明 Xiaoming Huang,2771,洪金宝 Sammo Hung,14964
595191,黄金大劫案,13,2012,2012/4/23,喜剧/动作,2D,中国,3337,宁浩 Hao Ning,141,郭涛 Tao Guo,3348,刘桦 Hua Liu,15031
595608,消失的子弹,11,2012,2012/8/14,动作/悬疑/犯罪,2D,中国/中国香港,18639,罗志良 Chi-Leung Law,7415,杨幂 Mini Yang,595,刘青云 Ching Wan Lau,15949
590255,河东狮吼2,29,2012,2012/8/17,爱情/动作/喜剧/古装,2D,中国/中国香港,121,马伟豪 Joe Ma,2080,张柏芝 Cecilia Cheung,1878077,黄维德 Weide Huang,7092
558001,血滴子,28,2012,2012/12/20,动作/武侠,2D/3D,中国/中国香港,7922,刘伟强 Wai Keung Lau,41446,阮经天 Ethan Ruan,7926,余文乐 Shawn Yue,7183
597102,我爱灰太狼,27,2012,2012/8/10,动画,2D,中国,1867221,朱枫 Feng Zhu,1865898,黄小蕾 Xiaolei Huang?(voice),1866849,刘滢 Ying Liu?(voice),7222
587840,王的盛宴,26,2012,2012/11/29,动作/历史/古装,2D,中国/中国香港,5844,陆川 Chuan Lu,1162,吴彦祖 Daniel Wu,1365,张震 Zhen Zhang,7700
588421,我愿意,25,2012,2012/2/10,爱情/喜剧,2D,中国,2394,孙周 Zhou Sun,1210,孙红雷 Honglei Sun,361566,段奕宏 Yihong Duan,8497
596408,八星抱喜,24,2012,2012/1/20,喜剧/爱情,2D,中国/中国香港,2168,陈庆嘉 Hing-Ka Chan,9903,吴君如 Sandra Ng,2170,陈慧琳 Kelly Chen,8614
588648,痞子英雄之全面开战,23,2012,2012/6/19,动作/犯罪,2D,中国/中国台湾,41376,蔡岳勋 Yueh-Hsun Tsai,1904801,赵又廷 Mark Chao,32548,杨颖 Angela Baby,8744
589209,铜雀台,22,2012,2012/9/26,动作/历史,2D,中国,2023562,赵林山 LinShan Zhao,3449,刘亦菲 Yifei Liu,21089,苏有朋 Alec Su,10607
596122,二次曝光,21,2012,2012/9/29,爱情/悬疑,2D,中国,4640,李玉 Yu Li,1903012,冯绍峰 Shaofeng Feng,31479,霍思燕 Siyan Huo,10739
596405,大闹天宫（动画版）,39,2012,2012/1/11,动画,2D/3D,中国,2006,万籁鸣 Wan Laiming,594,陈佩斯 Peisi Chen?(voice),1834,刘晓庆 Xiaoqing Liu?(voice),4082
596041,绣花鞋,38,2012,2012/3/31,惊悚/恐怖,2D,中国,6214,叶伟民 Wai Man Yip,1750,惠英红 Kara Hui,10675,莫小棋 Monica Mok,4343
595726,饭局也疯狂,37,2012,2012/1/23,喜剧,2D,中国,1869340,尚敬 Jing Shang,3094,范伟 Wei Fan,3341,黄渤 Bo Huang,4382
609692,HOLD住爱,36,2012,2012/8/23,喜剧/爱情,2D,中国,1869072,张琦 Qi Zhang,1862382,刘恺威 Hawick Lau,2012932,周秀娜 Chrissie Chau,4413
611587,麦兜当当伴我心,35,2012,2012/7/10,动画,2D,中国/中国香港,20150,谢立文 Brian Tse,2315,黄秋生 Anthony Wong?(voice),1866219,许飞 Blank Xu?(voice),4698
594661,新天生一对,34,2012,2012/1/23,爱情/喜剧/亲情,2D,中国/中国台湾,4259,朱延平 Yen-ping Chu,2174656,小小彬 Xiao xiaobin,1904895,陈嘉桦 Ella,5218
588953,笔仙,33,2012,2012/7/16,惊悚,2D,中国,2176032,安兵基 Byeong-ki Ahn,1903167,郭京飞 Jingfei Guo,2653,吴超 Chao Wu,5817
596049,危险关系,32,2012,2012/9/27,爱情/悬疑,2D,中国/韩国,18628,许秦豪 Jin-ho Hur,263,张东健 Dong-Kun Jang,2080,张柏芝 Cecilia Cheung,6271
590503,桃姐,31,2012,2012/3/8,剧情,2D,中国/中国香港,544,许鞍华 Ann Hui,2079,刘德华 Andy Lau,5476,王馥荔 Fuli Wang,7052
608237,摩尔庄园2之海妖宝藏,49,2012,2012/7/5,动画,2D/3D,中国,2022454,刘可欣 LiuGeXin,2177111,季冠霖 Guanlin Ji?(voice),2177113,宣晓鸣 Xiaoming Xuan?(voice),2483
590270,嫁个100分男人,48,2012,2012/3/16,爱情/喜剧,2D,中国/中国香港,15321,王晶 Jing Wong,596,梁咏琪 Gigi Leung,1888516,谢娜 Nana Xie,2526
613851,我老公不靠谱,47,2012,2012/12/7,喜剧,2D,中国/中国香港,6136,阮世生 James Yuen,1744,蔡卓妍 Charlene Choi,1859970,张歆艺 Xinyi Zhang,2596
590338,车在逋,46,2012,2012/4/1,喜剧,2D,中国,1948057,华原 HuaYuan,1865351,许绍洋 Ambrose Hui,1903837,张馨予 Viann Zhang,2751
609111,匹夫,45,2012,2012/4/23,动作/战争,2D,中国,1860063,杨树鹏 Shupeng Yang,165,张译 Yi Zhang,1859970,张歆艺 Xinyi Zhang,2766
596403,边境风云,44,2012,2012/8/17,动作,2D,中国,2385,程耳 Er Cheng,1866377,王珞丹 Luodan Wang,4865,倪大红 Dahong Ni,2924
596830,男人如衣服,42,2012,2012/10/12,喜剧/爱情,2D,中国/中国香港,11253,谷德昭 Vincent Kok,1859799,林o Raymond Lam,1868057,海清 Christina,3120
596524,赛尔号2：雷伊与迈尔斯,43,2012,2012/6/28,动画,2D,中国,2178983,王章俊 Zhang Jun Wang,2022492,曾轶可 Yico Tseng?(voice),1866055,张杰 Jie Zhang?(voice),3117
596552,第一次,41,2012,2012/6/8,爱情,2D,中国/中国香港,4739,韩焱 Yan Han,32548,杨颖 Angela Baby,1019,江珊 Shan Jiang,3581
594309,影子爱人,59,2012,2012/5/11,爱情/喜剧,2D,中国,19596,潘源良 Yuen-Leung Poon,1861019,权相宇 Sang-woo Kwon,1865733,景甜 Tian Jing,1816
593979,忠诚与背叛,58,2012,2012/5/23,战争/历史,2D,中国,1865861,张玉中 Yuzhong Zhang,6138,郭晓冬 Xiaodong Guo,1859895,李幼斌 Li Youbin,1822
588435,杀生,57,2012,2012/4/28,喜剧/惊悚,2D,中国/中国台湾,12276,管虎 Hu Guan,2175,任达华 Simon Yam,2414,余男 Nan Yu,1915
595603,十二星座离奇事件,56,2012,2012/7/13,惊悚/悬疑,2D,中国/中国香港,3706,盛志民 Zhimin Sheng,1948659,甘薇 Wei Gan,1867303,秦昊 Qin Hao,2005
593891,高海拔之恋2,55,2012,2012/2/9,爱情,2D,中国/中国香港,2074,杜琪峰 Johnny To,1160,郑秀文 Sammi Cheng,140,高圆圆 Yuanyuan Gao,2149
596609,情谜,54,2012,2012/3/8,爱情/悬疑,2D,中国/中国香港,18622,黎妙雪 Miu-suet Lai,7926,余文乐 Shawn Yue,1868490,陈数 Shu Chen,2195
596560,双城计中计,52,2012,2012/2/24,动作/喜剧/冒险,2D,中国,1866133,潘安子 Anzi Pan,1866145,熊乃瑾 Naijin Xiong,1877637,腾格尔 Tenggeer,2308
610966,笔仙惊魂,51,2012,2012/6/8,惊悚/悬疑/恐怖,2D,中国,2022442,关尔 Er Guan,2176591,王一 Yi Wang,1903145,翟文斌 Zak,2351
613385,诡爱,68,2012,2012/10/30,惊悚/悬疑,2D,中国,2020104,梁婷 Ting Liang,2180071,成毅 Yi Cheng,2022866,于毅 Yi Yu,1203
610881,百万巨鳄,67,2012,2012/6/8,惊悚/喜剧,2D,中国,1867444,林黎胜 Lisheng Lin,141,郭涛 Tao Guo,3276,石兆琪 Zhaoqi Shi,1288
596398,亲家过年,66,2012,2012/1/18,喜剧/爱情,2D,中国,6214,叶伟民 Wai Man Yip,1865688,刘芸 Yun Liu,407,张丰毅 Fengyi Zhang,1296
608255,疯狂的蠢贼,65,2012,2012/3/1,喜剧/爱情/犯罪,2D,中国,2011703,李凯 Kai Li,1867134,颖儿 Jacoke Liu,1865751,彭波 Bo Peng,1386
612679,恐怖旅馆,64,2012,2012/8/17,惊悚/恐怖,2D,中国,2009732,郑来志 ZhengLaiZhi,2010270,贡米 Mi Gong,17115,安雅 Anya,1447
588867,真心话大冒险,63,2012,2012/2/14,爱情/喜剧,2D,中国,2022089,马志宇 MaZhiYu,1878077,黄维德 Weide Huang,91,秦海璐 Hailu Qin,1527
589524,追凶,61,2012,2012/5/11,惊悚/悬疑/犯罪,2D,中国/中国香港,16120,彭发 Danny Pang,2036,王宝强 Baoqiang Wang,1862274,江若琳 Elanne kwong,1668
596387,变身男女,79,2012,2012/1/26,爱情/魔幻/喜剧,2D,中国,1865917,李旗 Qi Li,1860287,姚笛 Di Yao,833,午马 Ma Wu,841
592018,形影不离,78,2012,2012/5/4,喜剧/惊悚/悬疑,2D,中国,2523,伍仕贤 Dayyan Eng,1162,吴彦祖 Daniel Wu,86,龚蓓 Beibi Gong,894
589237,目击者,77,2012,2012/11/20,惊悚/悬疑/动作,2D,中国,2023162,高则豪 GaoZeHao,1863532,淳于珊珊 Shanshan Chunyu,1865188,贾孝国 Xiaoguo Jia,895
612124,冰雪11天,76,2012,2012/11/1,剧情/灾难/抢险,2D,中国,97,陈国星 Guoxing Chen,3348,刘桦 Hua Liu,1865661,郭家铭 Jiaming Guo,959
594650,醉后一夜,75,2012,2012/6/1,爱情/喜剧/悬疑,2D,中国,15778,曾国祥 Kwok Cheung Tsang,1212,张静初 Jingchu Zhang,1865660,朱雨辰 Yuchen Zhu,992
589740,金箍棒传奇,74,2012,2012/12/29,动画,2D,中国,1862321,哈磊 Lei Ha,1862313,童自荣 Tong Zirong?(voice),1994,于莉 Li Yu?(voice),1097
609069,天生爱情狂,72,2012,2012/11/9,爱情/喜剧,2D,中国/中国香港,19330,叶念琛 Patrick Kong,16162,刘心悠 Annie Liu,2176201,黄智雯 Mandy Wong,1139
596913,半夜不要照镜子,71,2012,2012/6/14,惊悚/恐怖/悬疑,2D,中国,1903857,牛朝阳 Chaoyang Niu,21448,李曼筠 Maggie LEE,2023299,张钧涵 Junhan Zhang,1146
593757,钱学森,89,2012,2012/3/2,纪实/传记,2D,中国,83,张建亚 Jianya Zhang,8659,张雨绮 Kitty Zhang,2225,许还山 Huanshan Xu,633
595753,魅妆,87,2012,2012/6/29,惊悚/悬疑,2D,中国,1864798,陈健 Jian Chen,1860453,张铎 Duo Zhang,1867054,王子子 Zizi Wang,686
614532,地下室惊魂,86,2012,2012/12/28,惊悚/悬疑/恐怖,2D,中国,2179090,梁杰 Jie Liang,2176055,何杜娟 Dujuan He,1903341,马文龙 Wenlong Ma,701
596607,宝岛双雄,85,2012,2012/6/8,喜剧/动作/爱情,2D,中国/中国香港/中国台湾,2024387,张训玮 Xun Wei Zhang,2650,夏雨 Yu Xia,2016197,陈汉典 Hank Chen,732
593935,给野兽献花,84,2012,2012/11/16,爱情/喜剧,2D,中国,2022092,张立嘉 ZhangLiJia,5988,安以轩 Ady Ang,9969,吴孟达 Man Tat Ng,750
611325,凶间雪山,83,2012,2012/12/21,惊悚/冒险,2D,中国,1865879,周耀武 Yaowu Zhou,1862331,邓紫衣 Ziyi Deng,3783,邓丽欣 Stephy Tang,755
593888,夜店诡谈,82,2012,2012/2/10,惊悚,2D,中国,2014439,方亚熙 FangEXi,2012932,周秀娜 Chrissie Chau,1860683,黄义达 Huang YiDA,756
610945,神探亨特张,81,2012,2012/7/20,剧情,2D,中国,2573,高群书 Qunshu Gao,1877876,周云蓬 ZhouYunPeng,2179316,王小山 Wang Xiaoshan,781
610924,三个未婚妈妈,99,2012,2012/10/26,爱情/都市,2D,中国,1865405,江平 Ping Jiang,1866043,爱新觉罗・启星 Qixing Aixinjueluo,1865734,居文沛 Wenpei Ju,476
559886,我11,98,2012,2012/5/18,剧情,2D,中国/法国,872,王小帅 Xiaoshuai Wang,1865945,王景春 Jingchun Wang,1866120,乔任梁 Kimi,498
595867,乐翻天,97,2012,2012/8/2,喜剧,2D,中国,1866891,王岳伦 Yuelun Wang,90,宁静 Jing Ning,2023358,孟瞳迪 Tong-di Meng,508
573026,飞越老人院,96,2012,2012/5/8,剧情/喜剧,2D,中国,134,张杨 Yang Zhang,835,吴天明 Tian-Ming Wu,5397,李滨 Bin Li,525
596269,爱在那一天,95,2012,2012/4/13,爱情,2D,中国,1867702,朱少宇 Shaoyu Zhu,459,叶青 Qing Ye,1262121,武艺 Philip Lau,534
611550,秘密花园,94,2012,2012/12/28,爱情,2D,中国,2604,唐丹 Dan Tang,1861353,谭维维 Sitar Tan,1903116,安七炫 Kang Ta,544
596098,超蛙战士之威武教官,93,2012,2012/6/1,动画/动作/科幻,2D/3D,中国,2193806,徐克 Xu Ke,2177842,冯骏骅 Junhua Feng?(voice),2177843,谢添天 Tian-tian Xie?(voice),552
597187,浮城谜事,92,2012,2012/10/19,爱情/悬疑,2D,中国/法国,11426,娄烨 Ye Lou,1867303,秦昊 Qin Hao,2176423,齐溪 Xi Qi,554
590133,无间罪：僵尸重生,91,2012,2012/11/23,惊悚/恐怖,2D,中国/中国香港,1867224,夏咏 Yong Xia,2179679,刘珈彤 Jiatong Liu,6066,梁小龙 Hsiao Liang,584
609134,神通乡巴佬,109,2012,2012/3/8,喜剧/爱情,2D,中国,2174923,皮建鑫 Jian-xin Pi,2577,曾志伟 Eric Tsang,1903966,曹议文 Yiwen Cao,407
718,焦裕禄,108,2012,2012/2/17,纪实/传记,2D,中国,1198,王冀邢 Jixing Wang,3137,李雪健 Xuejian Li,5429,周宗印 Zongyin Zhou,409
612667,邋遢大王奇遇记,107,2012,2012/8/17,动画,2D,中国,1869252,钱运达 Yunda Qian,2177843,谢添天 Tian-tian Xie?(voice),2181344,罗玉婷 Yu Ting Luo?(voice),415
589144,一八九四・甲午大海战,106,2012,2012/7/6,战争/历史,2D,中国,3754,冯小宁 Xiaoning Feng,2650,夏雨 Yu Xia,1860641,杨立新 Lixin Yang,415
596538,绝录求生,105,2012,2012/1/6,惊悚/悬疑/恐怖,2D,中国,2024120,陆可 Ke Lu,2024122,孙骁潇 Xiao Xiao Sun,1947852,吴楚 Wu Chu,417
590519,宝马狂想曲,104,2012,2012/7/20,喜剧,2D,中国,2015671,李麒麟 Qilin Li,26309,戎祥 Cheung Yung,1866145,熊乃瑾 Naijin Xiong,421
588511,饮食男女2012,102,2012,2012/3/23,爱情/喜剧,2D,中国/中国台湾,40507,曹瑞原 Jui-Yuan Tsao,31479,霍思燕 Siyan Huo,14052,归亚蕾 Ah Lei Gua,454
594047,就是闹着玩的,119,2012,2012/1/23,喜剧,2D,中国,1869232,卢卫国 Weiguo Lu,2023094,岳云鹏 YunPeng Yue,1867441,于谦 Qian Yu,324
593140,下一个奇迹,118,2012,2012/3/31,爱情,2D,中国,2014686,卓立 Zhuo Li,1903093,刘诗诗 Cecilia Liu,10675,莫小棋 Monica Mok,324
612246,恋爱三万英尺,116,2012,2012/11/23,爱情/喜剧,2D,中国,2226264,杨子 Larry Yang,2578,谢君豪 Kwan-Ho Tse,15777,黄又南 You-Nam Wong,341
590528,荒岛情未了,115,2012,2012/4/13,惊悚/悬疑,2D,中国,1865933,喻瀚湫 Hanqiu Yu,1860001,曹曦文 Xiwen Cao,1862317,蒋小涵 Xiaohan Jiang,372
595226,超时空救兵,114,2012,2012/1/24,喜剧/科幻/爱情,2D,中国,6065,林子聪 Chi Chung Lam,14869,霍建华 Wallace Huo,14556,郭品超 Dylan Kuo,374
608228,悬赏,113,2012,2012/6/21,爱情/喜剧/悬疑,2D,中国/中国香港,19569,冯志强 Chi Keung Fung,22896,薛凯琪 Fiona Sit,1993,万梓良 Alex Man,378
589925,重返大海,112,2012,2012/12/30,动画,2D,中国,2180400,陆强 Qiang Lu,17174,孟飞 Fei Meng?(voice),2181313,张沈平 Shen-pin Zhang?(voice),386
595188,高举爱,111,2012,2012/3/8,爱情,2D,中国/中国香港,1849,邱礼涛 Herman Yau,1862274,江若琳 Elanne kwong,2022550,徐正曦 Izz Tsui,388
596882,致命替身,129,2012,2012/11/16,惊悚/悬疑,2D,中国,1866644,过华 Hua Guo,2179938,魏建云 Jianyun Wei,2179939,王诗乔 Shiqiao Wang,262
614214,万箭穿心,128,2012,2012/11/16,爱情,2D,中国,1866105,王竞 Jing Wang,6622,焦刚 Gang Jiao,39423,陈刚 Kang Chen,265
609318,死亡迷局,127,2012,2012/3/23,惊悚/悬疑,2D,中国,2191637,鲁坚 Jian Lu,1866160,傅冲 Chong Fu,1931,阮志强 Chi Keung Yuen,267
595928,地域无门,126,2012,2012/5/16,惊悚,2D,中国,24349,吴耀权 Yiu-Kuen Ng,1867923,陈紫函 Zihan Chen,1758,谭耀文 Patrick Tam,268
596060,乌龙戏凤2012,125,2012,2012/2/22,喜剧,2D,中国/中国台湾,2023658,罗安得 Andy Luo,1865340,澎恰恰 Pon Chia Chia,1947997,苑新雨 Yuan xinyu,273
589808,热爱岛,124,2012,2012/6/1,爱情/喜剧,2D,中国/中国香港,16831,甘国亮 Kwok-Leung Gan,2175,任达华 Simon Yam,7925,吴镇宇 Francis Ng,278
614215,异度迷局,123,2012,2012/12/14,惊悚/悬疑,2D,中国,426,徐杰 Jade Hsu,2491,郑佩佩 Pei-pei Cheng,1866529,贺刚 Gang He,294
610486,查无此人,122,2012,2012/6/15,惊悚/悬疑,2D,中国,2176626,朱敏江 Minjiang Zhu,1186,邬君梅 Vivian Wu,1866120,乔任梁 Kimi,294
612243,守株人,121,2012,2012/8/23,惊悚/悬疑/恐怖,2D,中国,1948075,李明明 LiMengMeng,19632,骆达华 Tat-Wah Lok,1877268,杜奕衡 Mark.Du,309
594201,生死罗布泊,139,2012,2012/5/22,剧情/冒险,2D,中国,1866621,董玲 Ling Dong,1866667,杨圣文 Shengwen Yang,1867685,安尼瓦尔 Anniwaer,205
612683,平壤之约,138,2012,2012/8/3,剧情,2D,中国/北朝鲜,1865731,西尔扎提・亚合甫,2179379,金玉林 Yu Lin Jin,2179380,金日哲 Ri Zhe Jin,214
588037,浮出水面的影子,137,2012,2012/2/17,惊悚/悬疑,2D,中国,2174683,贾东朔 Dongshuo Jia,1862635,沈傲君 Echo Shen,2213,李佳 Jia Li,218
588746,十五岁的笑脸,135,2012,2012/3/10,爱情/青春,2D,中国,26634,王丹 Dan Wang,6139,张山 Shan Zhang,1867198,王绘春 Huichun Wang,225
596393,幸福迷途,134,2012,2012/11/9,爱情,2D,中国,9972,江约诚 Johnny Kong,1904812,陈乔恩 Joe Chan,1859851,沙溢 Yi Sha,228
593511,结婚狂想曲,133,2012,2012/3/9,爱情,2D,中国,2175624,杨朗从 Lang-cong Yang,1859784,李承铉 Chengxuan Li,1865703,洪剑涛 Jiantao Hong,237
596382,一起飞,132,2012,2012/8/21,爱情/喜剧,2D,中国,2022863,张蠡 Zhang Li,1861063,张娜拉 Jang Nara,13917,那威 Wei Na,241
596542,开心大冒险,131,2012,2012/1/6,喜剧/动作,2D,中国,18582,李作楠 Tso Nam Lee,16835,李绮虹 Theresa Lee,6731,林威 Wai Lam,255
610041,五女拜寿,149,2012,2012/2/17,剧情/戏曲,2D,中国,2240977,张伟国 Zhang Weiguo,2240932,谢晓君 Xie Xiaojun,2240976,刘娜 Liu Na,168
596267,华丽之后,148,2012,2012/8/16,爱情,2D,中国/中国香港,1862324,麦曦茵 Xiyin Mai,2382,胡歌 Ge Hu,2020313,林欣彤 Xintong Lin,168
611748,爱谁谁,147,2012,2012/11/9,爱情,2D,中国/中国香港,2193092,森岛 Sen Dao,1867707,石琳 Lin Shi,8447,房祖名 Jaycee Chan,172
594144,今天・明天,146,2012,2012/5/11,动画,2D,中国,2177651,刘左峰 Zuo Feng Liu,2177444,林浩 Hao Lin?(voice),1867204,殷桃 Tao Yin?(voice),179
611156,借你俩胆,145,2012,2012/11/16,喜剧/惊悚,2D,中国,1903363,韩兆 Zhao Han,2180373,张楚炎 Chu Yan Zhang,2180374,张凯辉 Kai Hui Zhang,188
589718,狂奔蚂蚁,144,2012,2012/5/25,爱情/喜剧,2D,中国,2023795,葛文 Wen-jie Ge,2023797,谷仪 Xing-yi Gu,2023798,吴恩旋 En-xuan Wu,191
597213,热血街头,143,2012,2012/7/20,动作/爱情/青春,2D,中国,1866371,蒋丛 Michael Chiang,2178335,李斯丹妮 Dany Lee,196205,王传君 Eric Wang,192
611327,非常绑匪,142,2012,2012/6/29,喜剧,2D,中国,1867943,李学兵 Xuebing Lee,1866202,张默 Mo Zhang,2177611,邬祯琳 Zhenlin Wu,193
572854,台北飘雪,141,2012,2012/4/1,爱情,2D,中国/中国香港/中国台湾/日本,2355,霍建起 Jianqi Huo,1866067,童瑶 Yao Tong,12022,杨v宁 Tony Yang,195
594313,非常营救,159,2012,2012/9/21,剧情/悬疑,2D,中国,2011505,毛坚 MaoJian,7232,王双宝 Shuangbao Wang,2022603,任帅 Shuai Ren,138
614855,咱们是亲人,158,2012,2012/12/4,剧情,2D,中国,1865776,孟奇 Qi Meng,4179,何政军 Zhengjun He,2022937,许毛毛 Maomao Xu,140
594660,一夜成名,156,2012,2012/4/13,歌舞/喜剧/音乐,2D,中国,16157,石磊 Shek Lui,2174876,卡门・玛索拉 Carmen Masola,87,黄圣依 Shengyi Huang,145
594117,稍安勿躁,155,2012,2012/9/7,喜剧/剧情,2D,中国,2177891,宋金笑 Jin Xiao Song,1865182,范逸臣 Van Fan,4523,王宏伟 Hongwei Wang,146
594371,宓捌姹,154,2012,2012/3/23,魔幻/儿童/喜剧,2D,中国,2174722,雷涛 Tao Lei,2022285,徐嘉苇 XuJiaWei,3136,刘威 Wei Liu,149
611266,做次有钱人,153,2012,2012/8/17,喜剧,2D,中国,17768,万里 Li Wan,2010703,戚薇 Stephy Qi,2023883,曹炳坤 BingKun Cao,153
596569,女人如花,152,2012,2012/3/8,爱情,2D,中国/中国香港,2019486,赵治平 Zhiping Zhao,1862489,杨子 Zi Yang,420120,孙祖杨 Calvin Sun,160
595797,街头之王,151,2012,2012/7/27,动作,2D,中国,2014480,钟雷 ZhongLei,2178969,李长海 Changhai Li,10216,杨建平 Jianping Yang,160
594343,绝对底线,169,2012,2012/2/3,剧情/犯罪/悬疑,2D,中国,5751,何涛 Tao He,141,郭涛 Tao Guo,1868093,刘莉莉 Lili Liu,102
612089,小鱼吃大鱼,168,2012,2012/12/7,爱情,2D,中国/中国台湾,11426,娄烨 Ye Lou,1903167,郭京飞 Jingfei Guo,1867163,宋宁 Ning Song,105
596283,潘多拉的宝剑,167,2012,2012/6/21,爱情/喜剧,2D,中国,1947973,李克龙 Kelong Li,2178901,陈雅丽 Ya-li Chen,8456,郑浩南 Mark Cheng,105
607245,纽约客@上海,166,2012,2012/8/10,爱情/喜剧,2D,中国/美国,1906080,夏伟 Daniel Hsia,5789,耿乐 Le Geng,12257,朱珠 Zhu Zhu,108
597039,黑暗中的救赎,165,2012,2012/6/21,剧情/犯罪/悬疑,2D,中国,2475,安战军 Zhanjun An,131,任泉 Quan Ren,1903209,刘敏涛 Mintao Liu,109
593944,毕业那年,162,2012,2012/9/21,爱情/青春,2D,中国,2023017,姚宇 Yu Yao,2179892,朱文超 Wen Chao Zhu,1877255,丁汀 DingDing,121
596290,跑出一片天,161,2012,2012/6/1,纪实/运动,2D,中国,6154,李远 Yuan Li,12498,胡静 Jing Hu,7415,杨幂 Mini Yang,128
617712,疯狂的导演,104,2013,2013/8/30,喜剧,2D,中国,2175793,宋阳 Yang Song,2036,王宝强 Baoqiang Wang,3348,刘桦 Hua Liu,504
628594,下一站再爱你,152,2014,2014/8/22,爱情,2D,中国,2204548,李德威 Dewei Li,1865891,杨梓嫣 Ophelia Yang,1865209,川岛茉树代 Kawashima Makiyo,254
610352,李可乐寻人记,147,2014,2014/2/21,喜剧/爱情,2D,中国,13814,周伟 Wei Zhou,2192275,谭卓 Zhuo Tan,1866913,李 Yu Li,320
618518,巴黎假期,103,2015,2015/7/31,爱情/喜剧,2D,中国/中国香港,6136,阮世生 James Yuen,1878021,郭采洁 Amber Kuo,2022550,徐正曦 Izz Tsui,1792
588802,奋斗,78,2011,2011/4/2,爱情/励志,2D,中国,121,马伟豪 Joe Ma,1866126,董璇 Xuan Dong,2185167,郑恺 Kai Zheng,567
596448,喜羊羊与灰太狼之开心闯龙年,10,2012,2012/1/12,动画,2D,中国,2176630,简耀宗 William Kan,19316,阿牛 Ah-Niu?(voice),39369,欧弟 O.D?(voice),16759
595595,搜索,9,2012,2012/7/6,爱情/悬疑,2D,中国,403,陈凯歌 Kaige Chen,1904801,赵又廷 Mark Chao,1866285,姚晨 Yao Chen,17315
587734,肩上蝶,60,2011,2011/7/8,爱情/魔幻,2D,中国,669,张之亮 Jacob Cheung,596,梁咏琪 Gigi Leung,8661,桂纶镁 Lun-mei Guey,1267
590518,守望者：罪恶迷途,50,2011,2011/3/25,惊悚/犯罪/悬疑,2D,中国,2014701,非行 Fei Xing,87,黄圣依 Shengyi Huang,1212,张静初 Jingchu Zhang,1784
587766,B+侦探,40,2011,2011/4/29,惊悚/悬疑,2D,中国/中国香港,16123,彭顺 Oxide Pang Chun,7933,廖启智 Kai Chi Liu,2022550,徐正曦 Izz Tsui,2502
572979,熊猫总动员,30,2011,2011/2/3,动画,2D/3D,中国/德国,554843,格里格・曼瓦林 Greg Manwaring,1948542,刘纯燕 Chunyan Liu?(voice),1866430,李扬 Yang Li?(voice),4569
593938,杨善洲,20,2011,2011/7/19,纪实/传记,2D,中国,1866621,董玲 Ling Dong,2400,奚美娟 Meijuan Xi,361567,李晨 Chen Li,8346
589812,最强质2011,10,2011,2011/1/31,喜剧,2D,中国/中国香港,2168,陈庆嘉 Hing-Ka Chan,954,古天乐 Louis Koo,2080,张柏芝 Cecilia Cheung,16715
589482,武侠,9,2011,2011/7/4,动作/武侠,2D,中国/中国香港,6239,陈可辛 Peter Chan,1204,甄子丹 Donnie Yen,10220,汤唯 Wei Tang,17020
587844,白蛇传说,8,2011,2011/9/28,爱情/魔幻/动作,2D,中国,6135,程小东 Siu-Tung Ching,3424,李连杰 Jet Li,1867085,文章 Zhang Wen,17502
588593,将爱情进行到底,7,2011,2011/2/12,爱情,2D,中国,27,张一白 Yibai Zhang,3802,李亚鹏 Yapeng Li,3932,王学兵 Xuebing Wang,19364
590196,窃听风云2,6,2011,2011/8/18,动作/惊悚,2D,中国/中国香港,7923,麦兆辉 Siu Fai Mak,595,刘青云 Ching Wan Lau,1162,吴彦祖 Daniel Wu,20893
573920,新少林寺,5,2011,2011/1/19,动作,2D,中国/中国香港,948,陈木胜 Benny Chan,85,范冰冰 Bingbing Fan,1743,谢霆锋 Nicholas Tse,21254
592414,失恋33天,4,2011,2011/11/8,爱情/喜剧,2D,中国,1862517,滕华涛 Huatao Teng,1903494,白百何 Fay Bai,1860983,张嘉译 Jiayi Zhang,32054
588446,建党伟业,3,2011,2011/6/15,战争/历史,2D/IMAX,中国/中国香港,657,黄建新 Jianxin Huang,4177,陈坤 Kun Chen,12010,董洁 Angel Dong,40923
588865,龙门飞甲,2,2011,2011/12/15,动作,2D/3D/IMAX,中国/中国香港,1200,徐克 Hark Tsui,4177,陈坤 Kun Chen,3307,周迅 Xun Zhou,54000
573968,金陵十三钗,1,2011,2011/12/15,战争/历史,2D,中国,1947,张艺谋 Yimou Zhang,1370,佟大为 Dawei Tong,2024207,倪妮 Ni Ni,59228
590260,孤岛惊魂,19,2011,2011/7/8,惊悚/恐怖,2D,中国,15789,钟继昌 Kai Cheung Chung,1909,陈小春 Jordan Chan,10078,叶山豪 Hayama Go,8905
588622,单身男女,18,2011,2011/3/31,爱情,2D,中国/中国香港,2074,杜琪峰 Johnny To,1162,吴彦祖 Daniel Wu,140,高圆圆 Yuanyuan Gao,9527
588510,财神客栈,17,2011,2011/6/28,喜剧/动作/古装,2D,中国/中国香港,15321,王晶 Jing Wong,956,张家辉 Nick Cheung,1166,黄奕 Yi Huang,10244
593838,亲密敌人,16,2011,2011/12/23,爱情/喜剧,2D,中国,146,徐静蕾 Jinglei Xu,1020075,黄立行 Stanley Huang,596,梁咏琪 Gigi Leung,11037
589926,喜羊羊与灰太狼之兔年顶呱呱,15,2011,2011/1/21,动画,2D,中国,16587,赵崇邦 Sung Pong Choo,810299,梁颖 Ying Liang?(voice),4277,赵娜 Na Zhao?(voice),13925
589662,鸿门宴传奇,14,2011,2011/11/29,动作/战争/历史,2D,中国,9949,李仁港 Daniel Lee,548,黎明 Leon Lai,5306,张涵予 Hanyu Zhang,13972
588488,倩女幽魂,13,2011,2011/4/19,爱情/魔幻,2D,中国/中国香港,2230,叶伟信 Wilson Yip,954,古天乐 Louis Koo,1947899,余少群 Shaoqun Yu,14093
589472,画壁,12,2011,2011/9/29,爱情/魔幻,2D,中国/中国香港,12428,陈嘉上 Gordon Chan,4798,孙俪 Betty Sun,1862259,闫妮 Ni Yan,15065
587699,关云长,11,2011,2011/4/26,动作/历史/传记,2D,中国/中国香港,7923,麦兆辉 Siu Fai Mak,610,姜文 Wen Jiang,4798,孙俪 Betty Sun,15741
589389,辛亥革命,29,2011,2011/9/23,战争/历史,2D,中国/中国香港,2042,张黎 Li Zhang,2651,李冰冰 Bingbing Li,11315,赵文u Winston Chao,5011
589502,神奇侠侣,28,2011,2011/2/3,喜剧,2D,中国/中国香港,11253,谷德昭 Vincent Kok,9903,吴君如 Sandra Ng,1867085,文章 Zhang Wen,5061
589748,全球热恋,27,2011,2011/9/8,爱情/喜剧,2D,中国/中国香港/美国,12108,夏永康 Wing Shya,32548,杨颖 Angela Baby,8661,桂纶镁 Lun-mei Guey,5825
573978,最爱,26,2011,2011/5/10,爱情,2D,中国,432,顾长卫 Changwei Gu,7887,章子怡 Ziyi Zhang,143,濮存昕 Cunxin Pu,5831
588514,我知女人心,25,2011,2011/2/3,爱情/喜剧,2D,中国/中国香港,5335,陈大明 Daming Chen,408,巩俐 Li Gong,1868269,袁莉 Li Yuan,6537
589821,飞天,24,2011,2011/7/1,纪实/传记,2D,中国,1865858,王珈 Jia Wang,14634,牛莉 Li Niu,722,巫刚 Gang Wu,6574
573890,观音山,23,2011,2011/3/3,爱情,2D,中国,4640,李玉 Yu Li,4745,张艾嘉 Sylvia Chang,31,陈柏霖 Berlin Chen,6995
590371,东成西就2011,22,2011,2011/11/24,喜剧/爱情/动作/音乐,2D,中国/中国香港,327,刘镇伟 Jeffrey Lau,115,陈奕迅 Eason Chan,1747,钟镇涛 Kenny Bee,7498
592190,战国,21,2011,2011/4/12,战争/古装/历史/爱情,2D,中国,5750,金琛 Chen Jin,1865733,景甜 Tian Jing,10075,金喜善 Hee-sun Kim,7605
593928,幸福额度,38,2011,2011/10/20,爱情/喜剧,2D,中国,1947946,陈正道 Zhengdao Chen,4177,陈坤 Kun Chen,4240,廖凡 Liao Fan,2935
588691,假装情侣,37,2011,2011/6/24,爱情/喜剧,2D,中国,137,刘奋斗 Fendou Liu,1865654,江一燕 Yiyan Jiang,1866202,张默 Mo Zhang,3134
852,寻龙夺宝,36,2011,2011/3/11,动作/幻想/冒险,2D,中国/美国/澳大利亚/新加坡,6323,马里奥・安德鲁西奥 Mario Andreacchio,1909,陈小春 Jordan Chan,4533,王姬 Ji Wang,3212
588477,杨门女将之军令如山,35,2011,2011/11/18,动作/战争/古装,2D,中国/中国香港,330,陈勋奇 Frankie Chan,2169,任贤齐 Richie Ren,1834,刘晓庆 Xiaoqing Liu,3495
587713,雪花秘扇,34,2011,2011/6/24,爱情/历史,2D,中国/美国/韩国,78583,Wayne Wang,2651,李冰冰 Bingbing Li,1186,邬君梅 Vivian Wu,3502
588262,大武生,33,2011,2011/9/9,动作/爱情,2D,中国/中国香港,1866557,高晓松 Xiaosong Gao,1903300,韩庚 Han Geng,957,徐熙媛 Barbie Hsu,4268
594600,倾城之泪,32,2011,2011/12/22,爱情,2D,中国,15197,黄真真 Babara Wong,2169,任贤齐 Richie Ren,596,梁咏琪 Gigi Leung,4398
590079,赛尔号之寻找凤凰神兽,31,2011,2011/7/28,动画,2D,中国,2023319,黄伟建 Wei-jian Huang,2022492,曾轶可 Yico Tseng?(voice),1868111,何炅 Jiong He?(voice),4403
590452,郭明义,49,2011,2011/7/15,纪实/传记,2D,中国,97,陈国星 Guoxing Chen,432003,李沁 Qin Li,1862262,姜宏波 Hongbo Jiang,1921
579274,不再让你孤单,48,2011,2011/5/13,爱情,2D,中国/中国香港,7922,刘伟强 Wai Keung Lau,953,刘烨 Ye Liu,1860311,田亮 Liang Tian,1999
594581,开心魔法,47,2011,2011/12/1,喜剧,2D,中国/中国香港,2230,叶伟信 Wilson Yip,2023598,吴千语 Karena Ng,553,黄百鸣 Bak-Ming Wong,2004
589844,巴黎宝贝,46,2011,2011/8/25,喜剧,2D,中国,1869479,王菁 Jing Wang,299798,珍・玛奇 Jane March,984913,尚-巴堤・莫里耶 Jean-Baptiste Maunier,2120
589879,无价之宝,45,2011,2011/8/19,喜剧,2D,中国/中国香港,1226,姜国民 Kwok Man Keung,17416,郑中基 Ronald Cheng,144,邵兵 Bing Shao,2196
573874,刀见笑,44,2011,2011/3/17,喜剧,2D,中国/美国,1948635,乌尔善 Wuershan,793827,安藤政信 Masanobu Ando,1863006,游本昌 Benchang You,2233
588931,硬汉2奉陪到底,43,2011,2011/4/1,动作,2D,中国,14253,丁晟 Sheng Ding,1860150,焦恩俊 Vincent Chiao,2014392,刘承俊 Sung-junYoo,2327
595854,五月天追梦3DNA,42,2011,2011/9/23,歌舞/爱情/音乐,2D/3D,中国/中国台湾,2010733,孔玟燕 Yann Kung,2169,任贤齐 Richie Ren,8639,刘若英 Rene Liu,2329
590015,极速天使,41,2011,2011/12/27,动作/爱情,2D,中国/中国香港,8622,马楚成 Jingle Ma,8639,刘若英 Rene Liu,2080,张柏芝 Cecilia Cheung,2456
589827,隐婚男女,59,2011,2011/4/8,爱情,2D,中国/中国香港/日本,19330,叶念琛 Patrick Kong,8639,刘若英 Rene Liu,1864180,白冰 Bing Bai,1407
594218,床下有人,58,2011,2011/10/14,惊悚/恐怖,2D,中国,1903857,牛朝阳 Chaoyang Niu,1866019,郭晓然 Xiaoran Guo,2023645,武文佳 Wenjia Wu,1485
589941,B区32号,57,2011,2011/6/3,惊悚/恐怖,2D,中国,1867189,吕建民 Jianmin Lv,1862331,邓紫衣 Ziyi Deng,3472,李锐 Rui Li,1492
591775,星空,56,2011,2011/11/3,剧情/幻想,2D,中国/中国香港/中国台湾,39842,林书宇 Tom Lin,2023608,林晖闵 Eric Lin,8639,刘若英 Rene Liu,1509
589892,密室之不可靠岸,55,2011,2011/10/27,惊悚/犯罪/悬疑,2D,中国,1866141,张番番 Panpan Zhang,1861051,杨坤 Yang Kun,1865842,倪虹洁 Hongjie Ni,1532
589895,兔侠传奇,54,2011,2011/7/11,动画,2D/3D,中国,1867912,孙立军 Lijun Sun,1862259,闫妮 Ni Yan?(voice),407,张丰毅 Fengyi Zhang?(voice),1565
590399,通道转兵,53,2011,2011/8/30,战争/历史,,中国,1951,周琦 Qi Zhou,1866435,刘劲 Jin Liu,3926,吴卫东 Weidong Wu,1611
589310,夺命心跳,52,2011,2011/7/2,惊悚/悬疑,2D,中国,1869072,张琦 Qi Zhang,2576,林熙蕾 Kelly Lin,1878077,黄维德 Weide Huang,1638
594624,摩尔庄园冰世纪,51,2011,2011/8/11,动画,2D,中国,2022454,刘可欣 LiuGeXin,2177111,季冠霖 Guanlin Ji?(voice),2177112,周志强 Zhiqiang Zhou?(voice),1747
589861,大魔术师,8,2012,2012/1/12,爱情/动作,2D,中国/中国香港,4698,尔冬升 Tung-Shing Yee,595,刘青云 Ching Wan Lau,3307,周迅 Xun Zhou,17364
573396,四大名捕,7,2012,2012/7/12,动作/悬疑/古装,2D,中国/中国香港,12428,陈嘉上 Gordon Chan,3449,刘亦菲 Yifei Liu,2315,黄秋生 Anthony Wong,19507
593828,听风者,6,2012,2012/8/7,剧情/悬疑,2D,中国/中国香港,7923,麦兆辉 Siu Fai Mak,3307,周迅 Xun Zhou,32,范晓萱 Mavis Fan,23219
605129,敢死队2,5,2012,2012/9/4,动作/惊悚/冒险,2D,中国/美国,9440,西蒙・韦斯特 Simon West,3424,李连杰 Jet Li,2413,杜夫・龙格尔 Dolph Lundgren,33215
593912,一九四二,4,2012,2012/11/29,战争/灾难/历史,2D/IMAX,中国/中国香港,455,冯小刚 Xiaogang Feng,373,陈道明 Daoming Chen,145,徐帆 Fan Xu,37114
589501,画皮2,3,2012,2012/6/28,爱情/魔幻/悬疑,2D/3D,中国/中国香港,1948635,乌尔善 Wuershan,1374,赵薇 Vicki Zhao,4177,陈坤 Kun Chen,70207
573367,十二生肖,2,2012,2012/12/20,动作/冒险/喜剧,2D/3D/IMAX,中国/中国香港,1168,成龙 Jackie Chan,4240,廖凡 Liao Fan,135641,罗娜・ 韦斯贝克尔 Laura Weissbecker,88113
610009,人再逋局泰,1,2012,2012/12/12,喜剧/公路,2D,中国,94,徐峥 Zheng Xu,3341,黄渤 Bo Huang,2386,陶虹 Hong Tao,126800
